age,income,race_Asian,race_Black,race_Hispanic,race_White
28.70918126822871,41286.33037892959,1.0,0.0,0.0,0.0
48.578324306606085,53499.9023562386,1.0,0.0,0.0,0.0
52.5753163241065,38069.78599321872,0.0,0.0,0.0,1.0
51.51753969136959,38547.1946819532,0.0,0.0,0.0,1.0
54.00319448616416,59463.91395324576,1.0,0.0,0.0,0.0
47.88895378096958,55914.46934531109,0.0,0.0,0.0,1.0
50.402462759186506,61439.77727687826,0.0,1.0,0.0,0.0
40.91384975094469,50334.12115520903,0.0,1.0,0.0,0.0
69.14280998663959,44492.33636140639,0.0,0.0,0.0,1.0
49.364470952061644,52110.011935736526,0.0,1.0,0.0,0.0
25.0030746783329,49502.3774302579,0.0,0.0,0.0,1.0
31.822892979869103,53894.466690293535,0.0,0.0,0.0,1.0
41.691926562651936,47239.47913547771,0.0,1.0,0.0,0.0
27.01572903009186,64330.916682493335,0.0,0.0,1.0,0.0
44.66947703993594,65795.8602007268,1.0,0.0,0.0,0.0
40.44653512101127,46565.45532256132,0.0,0.0,0.0,1.0
55.64028771682976,52670.58634444096,0.0,0.0,0.0,1.0
46.929261756074496,46964.08343239478,0.0,1.0,0.0,0.0
49.18199718578191,46727.86548896179,0.0,0.0,0.0,1.0
60.43153487135221,46709.293255828,1.0,0.0,0.0,0.0
64.08855244392853,45293.49006714384,1.0,0.0,0.0,0.0
40.89406121749859,62546.2912894646,1.0,0.0,0.0,0.0
40.44560890652998,31286.75454097012,1.0,0.0,0.0,0.0
48.347295821215454,46300.917429565205,0.0,0.0,0.0,1.0
35.92265646591004,65039.38097503944,0.0,0.0,0.0,1.0
57.59495796646783,39300.48852040526,0.0,0.0,0.0,1.0
45.047215903594896,63043.31137343985,0.0,1.0,0.0,0.0
45.02428547035412,52183.754504916265,0.0,1.0,0.0,0.0
46.193603024132486,43637.77293541218,1.0,0.0,0.0,0.0
25.64157867080672,62628.90914775105,0.0,1.0,0.0,0.0
33.13677312458152,57214.12083781098,0.0,1.0,0.0,0.0
65.265236287305,51780.41289487459,0.0,0.0,1.0,0.0
48.493021311403474,43804.1942153576,0.0,1.0,0.0,0.0
61.78867376346144,63014.70326688334,0.0,0.0,0.0,1.0
28.008225730983824,57903.029240088246,0.0,0.0,1.0,0.0
59.18804465526218,51180.31725682275,0.0,0.0,0.0,1.0
56.57694265853492,56289.85936720502,1.0,0.0,0.0,0.0
58.423658340402376,49882.53481024805,0.0,0.0,0.0,1.0
42.1760799737054,62507.588406878014,0.0,1.0,0.0,0.0
-2.556386038170835,41066.74477700221,0.0,0.0,0.0,1.0
24.637236902370976,59228.3926835262,0.0,1.0,0.0,0.0
40.83683615526672,55684.94677578027,0.0,0.0,0.0,1.0
37.55202396777047,50414.7984680412,0.0,1.0,0.0,0.0
44.38060969489076,42312.56931338148,1.0,0.0,0.0,0.0
46.894712992248,51055.29063192738,1.0,0.0,0.0,0.0
24.712369658389164,56798.865861093815,1.0,0.0,0.0,0.0
32.31490343258831,41966.60031382827,0.0,0.0,1.0,0.0
50.81057220949485,53122.76889697541,0.0,1.0,0.0,0.0
38.08245401948072,50350.29361426422,0.0,0.0,1.0,0.0
57.92154788449207,55237.6507761411,0.0,1.0,0.0,0.0
57.68704308844392,50471.328780900425,0.0,0.0,1.0,0.0
70.26787251905178,50861.329927414445,0.0,0.0,1.0,0.0
38.30519227148483,49250.99767802486,0.0,0.0,0.0,1.0
26.74654934489749,42638.21160140074,0.0,0.0,0.0,1.0
41.01593159570842,37370.10369794145,0.0,1.0,0.0,0.0
44.431603774247534,48168.19955813568,0.0,0.0,0.0,1.0
64.87914135655556,51219.68977466612,1.0,0.0,0.0,0.0
33.615439516449825,51383.98156600226,0.0,0.0,1.0,0.0
35.149659815588805,61911.97148400595,0.0,1.0,0.0,0.0
30.53699892865133,58597.48853319399,0.0,0.0,1.0,0.0
43.955498200498376,53893.30402186798,0.0,1.0,0.0,0.0
59.2321964470743,47337.37882472449,0.0,0.0,0.0,1.0
45.019885331016106,48539.88808920617,1.0,0.0,0.0,0.0
48.691254229746136,64406.20619908427,0.0,0.0,0.0,1.0
46.46719939639961,43212.39956202582,0.0,0.0,1.0,0.0
63.78811096543846,64747.70612530263,0.0,0.0,1.0,0.0
35.46885179656894,61746.99944665182,0.0,1.0,0.0,0.0
54.6838156826129,58278.2827330528,0.0,0.0,1.0,0.0
21.00907856708533,49523.90714570458,0.0,0.0,0.0,1.0
45.29071856547038,44475.17496802336,0.0,1.0,0.0,0.0
32.214198508888444,58050.64067236362,0.0,0.0,0.0,1.0
27.19509917541383,53220.07074773238,0.0,1.0,0.0,0.0
22.557617802530253,56550.02067893507,0.0,0.0,0.0,1.0
41.61515428931622,26502.72738871534,0.0,0.0,0.0,1.0
48.17094851205988,43958.36416732648,0.0,1.0,0.0,0.0
61.07894797817696,48424.09072703774,0.0,0.0,0.0,1.0
38.10514841590505,62675.30926638069,0.0,0.0,1.0,0.0
44.26552453712325,53543.22385831352,1.0,0.0,0.0,0.0
53.16330528510521,47498.21964613604,1.0,0.0,0.0,0.0
72.02145148899731,49630.22973809876,0.0,1.0,0.0,0.0
11.693684865973111,56376.789940152,0.0,1.0,0.0,0.0
70.96754447650949,63507.17651145437,1.0,0.0,0.0,0.0
36.91042478305094,59783.419946419104,1.0,0.0,0.0,0.0
67.06552036225656,42937.6537514937,0.0,0.0,1.0,0.0
64.67540173908992,60732.84581609453,1.0,0.0,0.0,0.0
46.21623814351236,45459.32285606183,0.0,0.0,1.0,0.0
41.155787636226414,40902.08825486631,0.0,0.0,1.0,0.0
46.1354241000764,41230.97864244982,0.0,0.0,1.0,0.0
43.41271863753453,50614.85295722781,0.0,0.0,0.0,1.0
19.471466549724965,50707.064230925935,0.0,0.0,0.0,1.0
39.79220257331606,53251.25818257813,1.0,0.0,0.0,0.0
31.23035843083896,51792.5449952308,0.0,0.0,0.0,1.0
43.13967918915005,38317.41886983451,0.0,0.0,1.0,0.0
58.06119966882605,31987.83248856523,0.0,0.0,0.0,1.0
36.97864993733516,50237.93256128277,0.0,0.0,0.0,1.0
37.863068339926485,63190.65217468446,1.0,0.0,0.0,0.0
48.26703509623089,57571.29651929679,0.0,0.0,1.0,0.0
42.625417829855046,52303.47149410948,0.0,0.0,1.0,0.0
59.14182771210113,54803.41772918011,0.0,1.0,0.0,0.0
44.13913945497686,56220.80270333621,1.0,0.0,0.0,0.0
61.83561328054739,31173.60340599905,1.0,0.0,0.0,0.0
53.81783832206602,42071.34056890216,0.0,1.0,0.0,0.0
35.87990785594015,63439.5879340633,0.0,0.0,1.0,0.0
49.610184250619554,30082.189013954005,0.0,1.0,0.0,0.0
49.64842169070952,44044.01028928204,1.0,0.0,0.0,0.0
51.41721592729355,50976.99979826708,0.0,1.0,0.0,0.0
48.15901258946462,32125.47301394573,0.0,0.0,0.0,1.0
40.58316363617949,55041.59998730523,0.0,0.0,0.0,1.0
37.23363829166671,47348.378051435546,0.0,0.0,1.0,0.0
52.546355529356205,70484.36821077936,0.0,0.0,1.0,0.0
41.68436304694424,44825.97790397517,0.0,1.0,0.0,0.0
53.81087549709018,57797.11391065098,1.0,0.0,0.0,0.0
13.711531833999942,32616.42483587685,0.0,0.0,0.0,1.0
46.02108403872931,45537.41694743562,0.0,0.0,0.0,1.0
32.904346063229255,55225.10059968403,0.0,0.0,1.0,0.0
52.96463492946136,47093.32379746311,0.0,0.0,0.0,1.0
38.19545418612476,49116.53446506885,0.0,1.0,0.0,0.0
69.06508662462895,36078.54726634541,0.0,0.0,0.0,1.0
24.291019411505232,50969.74865381023,0.0,1.0,0.0,0.0
28.617876098569003,55768.83964114747,0.0,0.0,1.0,0.0
64.25725289780343,55435.60752066258,0.0,0.0,1.0,0.0
29.39709420276153,67202.70040286511,1.0,0.0,0.0,0.0
42.1369167067023,67399.25928271709,0.0,0.0,1.0,0.0
44.13138375184637,54245.05851337065,1.0,0.0,0.0,0.0
28.079061677884592,55945.71429546981,1.0,0.0,0.0,0.0
55.063668724153125,52337.87657338139,0.0,1.0,0.0,0.0
49.36421046509228,46833.25680621457,1.0,0.0,0.0,0.0
51.48325036138881,55427.00264228546,0.0,0.0,1.0,0.0
46.17176602854025,55149.313437244535,1.0,0.0,0.0,0.0
62.16439602839908,46495.29636974897,0.0,0.0,1.0,0.0
39.81121006429244,58644.13507734546,0.0,1.0,0.0,0.0
53.66967785459336,46565.26961886741,0.0,0.0,0.0,1.0
42.98729683984613,50137.13869811468,0.0,0.0,0.0,1.0
33.97324798913118,55593.05373645394,1.0,0.0,0.0,0.0
49.86510315022302,52925.72720139101,1.0,0.0,0.0,0.0
59.32903855810808,45038.89740369913,0.0,1.0,0.0,0.0
33.49703942993172,54097.38656376536,0.0,1.0,0.0,0.0
23.998939152254863,72083.49019924973,0.0,1.0,0.0,0.0
62.86628782160216,46596.528764160044,0.0,0.0,1.0,0.0
51.71090905603464,36228.60614373103,1.0,0.0,0.0,0.0
37.16802644970012,48521.12545692016,0.0,0.0,1.0,0.0
52.29277187342908,79884.69490664132,0.0,1.0,0.0,0.0
56.877889655821015,52283.42406035796,0.0,0.0,1.0,0.0
50.160808823452,57638.845270032485,0.0,0.0,0.0,1.0
55.96438464564324,51037.25677127368,1.0,0.0,0.0,0.0
54.89176861670417,53970.67524270378,0.0,0.0,1.0,0.0
71.22205603681253,56435.95574666683,0.0,0.0,0.0,1.0
42.46315971535776,58108.55262351477,0.0,0.0,1.0,0.0
32.32269062360761,52744.95613406883,0.0,0.0,1.0,0.0
41.17579544394616,39776.42570670166,1.0,0.0,0.0,0.0
36.23317062224343,48629.19264324774,0.0,0.0,0.0,1.0
35.37499769804427,58245.30909872132,0.0,0.0,1.0,0.0
65.45064770307509,58289.34103252429,0.0,0.0,0.0,1.0
72.74043212079572,57936.84998274133,1.0,0.0,0.0,0.0
34.50757169748535,52430.42787806215,1.0,0.0,0.0,0.0
76.12597559022812,46469.150946780144,1.0,0.0,0.0,0.0
59.26959366449225,54984.82900413187,0.0,1.0,0.0,0.0
64.80621014675751,44667.19597458807,0.0,1.0,0.0,0.0
55.84240342478268,57003.47306481258,0.0,0.0,1.0,0.0
48.250246784464295,42499.24459181263,0.0,0.0,1.0,0.0
41.28371372640436,58157.46887748059,0.0,0.0,0.0,1.0
29.873269011789755,58172.72036747577,0.0,0.0,0.0,1.0
56.45790527450134,52117.39036939257,1.0,0.0,0.0,0.0
55.28384619447625,38558.4119957217,1.0,0.0,0.0,0.0
29.91597936465801,52680.18735403034,0.0,0.0,0.0,1.0
65.54551661481277,52305.12451314104,0.0,0.0,0.0,1.0
59.604333741417705,46494.16324445874,0.0,0.0,0.0,1.0
62.89669418776542,45484.31742578992,1.0,0.0,0.0,0.0
49.18625787517778,40907.13719901748,0.0,1.0,0.0,0.0
59.58085448609583,46555.83912464643,0.0,0.0,1.0,0.0
70.78560919262732,51763.65286057133,0.0,0.0,0.0,1.0
28.17373345716168,52787.263783126655,0.0,0.0,0.0,1.0
52.51247386506317,63839.57461846093,1.0,0.0,0.0,0.0
36.44039354699831,58210.66308702951,0.0,0.0,1.0,0.0
61.200840887089655,34965.14040168953,1.0,0.0,0.0,0.0
55.93411791855675,46859.34423324232,1.0,0.0,0.0,0.0
91.15290555270757,46280.13011065999,1.0,0.0,0.0,0.0
27.653762748842148,51808.79698651382,1.0,0.0,0.0,0.0
57.86848237937014,60629.34675820905,0.0,0.0,0.0,1.0
57.40854161486135,66239.0507617321,1.0,0.0,0.0,0.0
21.82593979984862,45335.58904301057,0.0,0.0,0.0,1.0
40.44974898784299,48816.82816389695,0.0,0.0,1.0,0.0
60.60646338967258,51450.12242794719,0.0,1.0,0.0,0.0
34.99216372833742,54950.29966216711,0.0,1.0,0.0,0.0
66.62917508702834,61347.45462287935,1.0,0.0,0.0,0.0
41.09536438092844,58447.060724863695,0.0,1.0,0.0,0.0
36.458253382618345,39408.29414633972,0.0,0.0,1.0,0.0
62.70192260612291,44292.86333546916,0.0,0.0,0.0,1.0
31.3684549378804,47363.46190817184,0.0,0.0,0.0,1.0
37.44645571638424,62223.5306134944,0.0,0.0,0.0,1.0
72.30815861912723,53740.41506731743,0.0,1.0,0.0,0.0
36.576633805040615,48893.67806975776,0.0,1.0,0.0,0.0
46.26777713722991,54378.29287246605,1.0,0.0,0.0,0.0
30.618323157198372,58328.28287998003,1.0,0.0,0.0,0.0
27.030503561741074,43014.03232410953,1.0,0.0,0.0,0.0
52.21116869651976,54879.68672030647,0.0,1.0,0.0,0.0
15.759423670163653,49676.42375771709,0.0,0.0,1.0,0.0
16.33024662506244,53658.78157670293,0.0,0.0,0.0,1.0
49.88366725180605,54318.40771658316,0.0,0.0,0.0,1.0
12.330484017079684,58794.62889527768,1.0,0.0,0.0,0.0
48.93100213630088,48557.92842097639,0.0,0.0,0.0,1.0
42.87711369949577,46317.06675265135,0.0,0.0,1.0,0.0
12.131192232520782,44835.422760514295,0.0,0.0,1.0,0.0
66.21280932496634,52737.89932442248,0.0,0.0,1.0,0.0
68.9748271146155,51471.51615605834,0.0,1.0,0.0,0.0
44.744908882742536,49206.48107760191,0.0,0.0,1.0,0.0
42.09441930292557,60615.74340334178,0.0,0.0,0.0,1.0
27.16554870697557,50696.09294246902,0.0,0.0,0.0,1.0
55.20345312626444,47130.93820795391,0.0,0.0,0.0,1.0
54.056857804168416,61826.248051671806,0.0,0.0,1.0,0.0
49.017654567995,67042.12817893729,0.0,0.0,0.0,1.0
32.92357228454237,40843.70788727474,0.0,0.0,1.0,0.0
30.07239060151144,40115.55900935472,0.0,0.0,1.0,0.0
40.27055017070813,61092.471281524144,0.0,1.0,0.0,0.0
45.934970244286845,46062.26222871431,0.0,0.0,1.0,0.0
48.72487713773823,41799.21083536639,1.0,0.0,0.0,0.0
48.01267639673564,67365.968286033,1.0,0.0,0.0,0.0
89.03486853491668,56686.8050832284,1.0,0.0,0.0,0.0
37.226210417081965,56551.61889225519,0.0,0.0,1.0,0.0
35.19481289043871,46678.49791567265,0.0,0.0,1.0,0.0
34.97482207729797,47261.214816135616,0.0,0.0,0.0,1.0
45.69118832449727,44253.188784683625,1.0,0.0,0.0,0.0
29.78280409938879,43179.43928343448,0.0,0.0,0.0,1.0
40.218775271308,44687.08806890213,0.0,1.0,0.0,0.0
48.61860372610094,36929.77485592079,0.0,0.0,1.0,0.0
55.82855228157212,59678.81390546399,0.0,1.0,0.0,0.0
52.71093828637164,66730.65965647576,0.0,0.0,1.0,0.0
49.44865407795458,42026.98787567018,0.0,1.0,0.0,0.0
26.457963059543065,37294.69336846641,1.0,0.0,0.0,0.0
55.77626135207461,47611.29921140533,1.0,0.0,0.0,0.0
61.58749599442069,64106.32858407173,0.0,0.0,1.0,0.0
41.46125206031814,64518.75122201261,0.0,0.0,1.0,0.0
47.07967775565127,48545.12732802296,1.0,0.0,0.0,0.0
36.57236850972451,43706.940789139706,1.0,0.0,0.0,0.0
54.784592274153454,74476.73613777869,0.0,0.0,1.0,0.0
43.12238357425254,44336.14018198613,0.0,0.0,1.0,0.0
33.759634658658335,43180.6698269598,0.0,0.0,0.0,1.0
25.95002103909186,52264.87532509797,1.0,0.0,0.0,0.0
55.48379527621184,42262.7706815818,0.0,0.0,0.0,1.0
52.31662231626508,37729.36863907367,0.0,0.0,1.0,0.0
40.35525429017908,29018.053635496915,1.0,0.0,0.0,0.0
35.16468420807834,64312.71415439741,0.0,0.0,1.0,0.0
45.92825029330703,47386.70082719342,0.0,0.0,0.0,1.0
61.06620750604208,48252.05410076777,0.0,0.0,1.0,0.0
63.44985552658024,37774.56453271748,1.0,0.0,0.0,0.0
22.91944390459813,56022.835453088665,0.0,1.0,0.0,0.0
26.48232002366406,53049.206608112174,0.0,0.0,1.0,0.0
66.7817654877384,54458.0659086428,0.0,1.0,0.0,0.0
45.291873832783246,61230.68902485324,0.0,0.0,1.0,0.0
41.92685004202925,49543.60011797038,0.0,0.0,0.0,1.0
46.73736880840419,57607.786131001856,0.0,0.0,0.0,1.0
32.72092460009882,53256.88320608816,0.0,0.0,0.0,1.0
40.41584078769295,57320.2250613154,1.0,0.0,0.0,0.0
40.493010769189446,38941.64897999898,0.0,1.0,0.0,0.0
57.20971290296612,59077.65590796235,1.0,0.0,0.0,0.0
29.520505742292308,61643.64342022935,0.0,0.0,0.0,1.0
26.05845336452154,50348.24645058562,0.0,1.0,0.0,0.0
60.70367691732209,58502.02286698882,0.0,1.0,0.0,0.0
41.20855117355722,51280.823926037054,0.0,0.0,0.0,1.0
41.05879878470244,62594.664668659054,0.0,0.0,1.0,0.0
57.7511899862633,54641.83776971776,0.0,0.0,0.0,1.0
50.69108096407665,59576.02697305611,0.0,0.0,0.0,1.0
13.509656033714617,56839.91371331635,1.0,0.0,0.0,0.0
62.433893962585,58610.29070501096,0.0,0.0,1.0,0.0
19.63992558590322,56115.91852978089,1.0,0.0,0.0,0.0
32.92242372385685,50843.08336073239,1.0,0.0,0.0,0.0
55.35709029182269,42539.01973195748,1.0,0.0,0.0,0.0
38.70847871012174,49924.04500024263,0.0,0.0,0.0,1.0
39.36549501351696,35139.02826440845,0.0,1.0,0.0,0.0
52.190414301441336,46911.46326743139,0.0,0.0,1.0,0.0
44.13906952388946,49855.89692449944,0.0,0.0,0.0,1.0
44.49112161108137,30541.23890092829,1.0,0.0,0.0,0.0
61.262973660653145,48509.117963237775,0.0,1.0,0.0,0.0
49.287049301921,56055.5174448825,0.0,1.0,0.0,0.0
68.89004997424325,53222.73481673491,0.0,0.0,0.0,1.0
36.2037727666684,70520.30059387986,1.0,0.0,0.0,0.0
47.827136415271546,57470.56304861508,1.0,0.0,0.0,0.0
44.86226469922292,39285.46816989499,0.0,0.0,0.0,1.0
91.69365301565762,41043.36585852743,0.0,1.0,0.0,0.0
69.53696709203723,46877.6662119472,0.0,0.0,1.0,0.0
40.04864712447844,47068.03763132976,1.0,0.0,0.0,0.0
51.31049446527718,53207.4977439626,0.0,0.0,1.0,0.0
50.22892679791471,52819.84245630322,1.0,0.0,0.0,0.0
13.64545651720265,36275.0049973127,0.0,1.0,0.0,0.0
37.48148838314681,44253.43752944195,1.0,0.0,0.0,0.0
55.43795758640678,46483.15055856379,0.0,0.0,1.0,0.0
36.703652746288014,58191.39674846285,0.0,0.0,0.0,1.0
52.769921645871776,67499.39588027375,0.0,0.0,1.0,0.0
54.83105744775356,58976.03609430177,0.0,0.0,1.0,0.0
54.53951626067607,48842.99614958601,0.0,0.0,1.0,0.0
24.9620639374708,60704.60310195055,1.0,0.0,0.0,0.0
80.88164452910989,48454.11986881192,0.0,0.0,1.0,0.0
56.19917046903235,38701.48833772499,0.0,0.0,1.0,0.0
36.16001652858957,48591.16147057216,1.0,0.0,0.0,0.0
54.41409446342747,40751.61694369572,1.0,0.0,0.0,0.0
36.05382888046681,51974.92500399789,1.0,0.0,0.0,0.0
37.97255829959526,34857.92775881082,0.0,1.0,0.0,0.0
66.40958046433825,76327.24807964575,1.0,0.0,0.0,0.0
49.08632094980415,50579.462411437664,0.0,1.0,0.0,0.0
38.85298134309701,48370.40987280155,0.0,0.0,0.0,1.0
54.14289067812902,53664.7351756584,1.0,0.0,0.0,0.0
45.212238974486375,43016.08967339735,1.0,0.0,0.0,0.0
35.24010258947425,69480.2103528067,1.0,0.0,0.0,0.0
53.3035429660169,62149.17665064786,0.0,0.0,0.0,1.0
15.674268445225756,45260.80183581952,0.0,0.0,1.0,0.0
47.51355158701485,39816.20792761217,0.0,0.0,1.0,0.0
45.6193118338116,40494.82634077908,0.0,0.0,0.0,1.0
56.73944739474777,40274.39712827729,0.0,0.0,0.0,1.0
15.016666397081252,41474.67433717285,1.0,0.0,0.0,0.0
38.88809839062598,58149.92060364483,0.0,0.0,0.0,1.0
41.55926502216799,60447.7602041105,0.0,1.0,0.0,0.0
61.448206773453805,43299.68298367606,0.0,0.0,0.0,1.0
37.672858798344606,49924.72241328748,0.0,1.0,0.0,0.0
39.22585667384878,62352.40656308467,0.0,0.0,1.0,0.0
80.82557989305658,56054.46151400231,0.0,0.0,0.0,1.0
79.13738141471455,69029.72584749761,0.0,0.0,1.0,0.0
45.83795909766746,47401.097468238455,1.0,0.0,0.0,0.0
40.51227341358848,47202.1863818575,0.0,0.0,0.0,1.0
56.09513202176751,61886.363884466366,0.0,0.0,1.0,0.0
48.00689447120593,45615.119584043714,0.0,0.0,0.0,1.0
31.97608557602501,51838.94520692485,0.0,1.0,0.0,0.0
42.922316330891626,75778.10719443359,0.0,1.0,0.0,0.0
22.75523352026373,54716.860426489104,0.0,0.0,1.0,0.0
29.30818372406244,61205.57324395688,0.0,0.0,1.0,0.0
44.78851551139993,62772.19853885217,0.0,0.0,0.0,1.0
34.07742148545277,38100.0953657658,0.0,0.0,0.0,1.0
28.900079516656568,49049.741861111295,0.0,0.0,0.0,1.0
47.37133837984776,36315.05223507063,0.0,0.0,1.0,0.0
42.21113278576844,74429.65598740618,0.0,0.0,0.0,1.0
21.07866062755001,58706.35777856335,0.0,1.0,0.0,0.0
48.60308765919334,53229.37656029877,0.0,1.0,0.0,0.0
62.82895234630512,51670.69023091362,1.0,0.0,0.0,0.0
46.14913605677489,56311.02829053483,1.0,0.0,0.0,0.0
55.39153547773291,53616.60045368731,0.0,0.0,0.0,1.0
24.032917823635543,46317.376999900975,0.0,0.0,0.0,1.0
46.26757718539294,51018.78922032883,1.0,0.0,0.0,0.0
53.76471249652965,36959.47204755341,0.0,0.0,1.0,0.0
51.26521128359101,54244.75918916537,1.0,0.0,0.0,0.0
41.13569271733509,45143.57795507036,0.0,0.0,0.0,1.0
65.26278496048508,40950.880319895485,1.0,0.0,0.0,0.0
48.14205125471659,69102.41581879868,0.0,0.0,1.0,0.0
37.93026418273323,38693.07756701081,1.0,0.0,0.0,0.0
61.44104861216098,44701.95457419775,1.0,0.0,0.0,0.0
59.51739036037806,54891.62323681649,1.0,0.0,0.0,0.0
43.95701570636596,50724.18201375215,0.0,0.0,1.0,0.0
37.53057229773237,52756.84949425177,1.0,0.0,0.0,0.0
54.667777374679375,43956.285828246575,0.0,1.0,0.0,0.0
37.39487011094917,41230.00966944044,0.0,1.0,0.0,0.0
42.79192081971604,55536.22159493394,0.0,1.0,0.0,0.0
50.2251260886919,40843.93942527784,0.0,1.0,0.0,0.0
54.86644764225561,49956.04592997167,0.0,0.0,1.0,0.0
19.7299863416042,46601.607454746445,0.0,1.0,0.0,0.0
79.87009958779227,49002.66142851615,0.0,0.0,1.0,0.0
67.45065611168972,39337.50939538148,0.0,0.0,0.0,1.0
27.992544647904687,32152.35064519685,0.0,0.0,1.0,0.0
41.140499990733154,34473.91773273268,1.0,0.0,0.0,0.0
55.03260195819327,56649.80001342371,0.0,0.0,0.0,1.0
67.22941152654803,51506.994756950575,0.0,0.0,0.0,1.0
39.89101939635208,55076.4269255947,0.0,0.0,0.0,1.0
52.437075315413566,43066.79793944059,0.0,0.0,0.0,1.0
58.78372281987494,27347.738144762745,0.0,0.0,1.0,0.0
47.425477900571295,51965.76279696281,0.0,0.0,0.0,1.0
38.5672811159089,39165.83694591593,0.0,0.0,1.0,0.0
47.24396936278182,44654.605098747605,0.0,1.0,0.0,0.0
77.32393016074712,44747.80310604216,0.0,1.0,0.0,0.0
46.39468869794114,48219.750454352536,0.0,1.0,0.0,0.0
69.11367459599265,61874.981724457946,0.0,1.0,0.0,0.0
52.65236203372776,48400.90008901615,0.0,0.0,1.0,0.0
52.101111235687,50285.98432663705,1.0,0.0,0.0,0.0
17.894379076022755,34162.31962835158,1.0,0.0,0.0,0.0
74.17792611415399,67029.30503264174,0.0,0.0,0.0,1.0
38.73854427015851,56541.23633029651,0.0,0.0,1.0,0.0
43.12669671974899,66322.60330986524,1.0,0.0,0.0,0.0
53.27828957733231,44344.48072343247,0.0,0.0,0.0,1.0
40.72358614436979,55300.71767103031,0.0,0.0,1.0,0.0
53.10431916053543,51045.18428192722,0.0,1.0,0.0,0.0
56.1368837038893,50556.22556222187,0.0,0.0,0.0,1.0
34.69478850450754,48986.773112999486,0.0,0.0,1.0,0.0
39.00182641997443,29440.85586516955,0.0,1.0,0.0,0.0
75.63266865802096,53749.001170044095,0.0,1.0,0.0,0.0
51.14454178025991,59710.63679323412,1.0,0.0,0.0,0.0
44.08386492971436,47287.81610434075,0.0,0.0,0.0,1.0
37.34758779524674,42125.70715334067,0.0,0.0,0.0,1.0
41.99041051761852,36437.35399446922,0.0,0.0,0.0,1.0
40.03837655965421,47029.64873098652,0.0,0.0,0.0,1.0
56.08770742052352,46155.71662347507,1.0,0.0,0.0,0.0
42.85111626953711,55629.47106733455,0.0,0.0,0.0,1.0
45.13175482347221,53796.49376562505,0.0,0.0,1.0,0.0
18.2826237830155,45825.55218668338,0.0,1.0,0.0,0.0
26.562246032993755,58224.567176092496,0.0,0.0,1.0,0.0
26.69518965084036,42928.79474114614,0.0,0.0,1.0,0.0
71.77162558777643,62793.696156294274,0.0,0.0,0.0,1.0
38.64164936516471,57382.8923954272,0.0,0.0,0.0,1.0
43.135713342563456,52572.84155346866,0.0,0.0,1.0,0.0
30.513260507040613,46872.70933366842,0.0,0.0,0.0,1.0
43.49286419142442,70322.86181663614,0.0,1.0,0.0,0.0
48.769749723571536,47512.294937903935,0.0,0.0,1.0,0.0
35.139411690079136,59771.754182693694,1.0,0.0,0.0,0.0
29.552822271872323,70947.67686512481,0.0,0.0,1.0,0.0
45.753415487485206,41675.5644008946,0.0,0.0,1.0,0.0
58.1425375078685,62066.94949829794,1.0,0.0,0.0,0.0
31.53254900361556,38474.164521858496,0.0,0.0,0.0,1.0
46.21917633084298,55551.21986935798,0.0,1.0,0.0,0.0
44.48174064069055,66113.64186574593,1.0,0.0,0.0,0.0
42.19981556529832,44250.552950509824,1.0,0.0,0.0,0.0
20.51977672460374,71312.4243256884,1.0,0.0,0.0,0.0
44.91067936180906,66791.87358208477,1.0,0.0,0.0,0.0
48.984254897588,29214.07615374268,0.0,0.0,0.0,1.0
33.98650017043443,62260.61061845644,0.0,0.0,0.0,1.0
57.12054284103107,56211.553799186666,0.0,0.0,1.0,0.0
57.13378904089079,48903.42438966196,0.0,1.0,0.0,0.0
52.903468854986905,42575.58188178762,0.0,0.0,1.0,0.0
32.21663035504014,44046.52773378044,0.0,0.0,0.0,1.0
51.00353783290163,43941.8106370672,0.0,0.0,1.0,0.0
52.79038118456832,42720.77252367424,0.0,0.0,1.0,0.0
60.55738347987365,43941.14835167462,0.0,0.0,1.0,0.0
28.116193289520464,50309.26539092152,0.0,1.0,0.0,0.0
32.64697544061226,43887.61888092543,0.0,0.0,0.0,1.0
83.57992976242454,55218.95229967981,0.0,0.0,1.0,0.0
40.91182917957286,62655.88698877201,0.0,1.0,0.0,0.0
40.30997331401464,39031.16528927573,0.0,0.0,1.0,0.0
41.5339578381348,63952.51200088271,0.0,1.0,0.0,0.0
54.81646540658432,60360.38812178993,0.0,0.0,0.0,1.0
48.28953505800654,58722.82756094239,0.0,0.0,1.0,0.0
53.11362777841485,50152.44382453374,0.0,1.0,0.0,0.0
39.40097631088029,61541.29436804143,0.0,0.0,0.0,1.0
24.64596645450637,46582.50002258341,0.0,0.0,1.0,0.0
31.08670003782408,58148.91163600962,0.0,0.0,0.0,1.0
48.84255908541417,48010.62881663888,0.0,0.0,0.0,1.0
27.69761361022824,25904.37508118366,1.0,0.0,0.0,0.0
40.05766049673021,52285.835109233056,0.0,0.0,0.0,1.0
26.33186249872916,55243.31844314375,0.0,0.0,0.0,1.0
30.56023482121536,52180.958201821886,0.0,0.0,1.0,0.0
37.79028087767638,61368.5875641801,0.0,1.0,0.0,0.0
55.86204838971746,56445.796439850805,0.0,0.0,0.0,1.0
2.437403379039317,49065.88753764836,0.0,1.0,0.0,0.0
39.73725854885288,46867.17338992181,0.0,0.0,1.0,0.0
40.87796542870968,48109.34338803403,1.0,0.0,0.0,0.0
29.24065017258298,64259.19163316571,0.0,1.0,0.0,0.0
36.57993005336691,50514.274914972586,0.0,0.0,0.0,1.0
22.541135322320333,57133.79056024716,0.0,0.0,0.0,1.0
70.89339818453449,35985.409625435015,1.0,0.0,0.0,0.0
37.75758613789623,36034.27345499084,0.0,0.0,1.0,0.0
31.425782505929007,38095.57670061939,0.0,0.0,0.0,1.0
27.25415722898417,57637.9120520855,0.0,0.0,0.0,1.0
32.60832012428187,63052.271886473216,0.0,1.0,0.0,0.0
40.87732048995312,38507.36918238072,1.0,0.0,0.0,0.0
56.26309169101998,63992.96320898615,0.0,0.0,1.0,0.0
58.33730737181709,41709.94908024525,1.0,0.0,0.0,0.0
41.14582312317328,29609.60148193902,1.0,0.0,0.0,0.0
60.32273089172796,46200.93759680214,0.0,1.0,0.0,0.0
36.00266965020226,56836.70802538343,0.0,0.0,1.0,0.0
38.81281482168095,64507.8772055172,1.0,0.0,0.0,0.0
44.85232787024425,61060.57064104358,0.0,0.0,0.0,1.0
46.7115223833978,62122.99047987232,0.0,0.0,0.0,1.0
41.62720416307722,51216.23746471165,0.0,0.0,1.0,0.0
43.78431052917384,52006.79956709136,1.0,0.0,0.0,0.0
44.30608174100486,60085.23611512287,0.0,0.0,0.0,1.0
43.809173633914455,51427.83814732491,0.0,1.0,0.0,0.0
41.86997443169301,50005.60275053464,0.0,1.0,0.0,0.0
50.553178349126114,48712.83120259138,0.0,1.0,0.0,0.0
36.13072816797158,60617.83446951791,1.0,0.0,0.0,0.0
45.34793967836063,63411.6443839278,0.0,1.0,0.0,0.0
41.829236552730464,48653.9888962886,0.0,0.0,1.0,0.0
51.19498368206696,39561.84188176807,0.0,1.0,0.0,0.0
44.75084486511137,55513.29574955838,1.0,0.0,0.0,0.0
30.096157266089456,65937.75365521634,0.0,0.0,0.0,1.0
70.16065631708234,40518.856060038415,0.0,0.0,0.0,1.0
32.940773779087785,44423.60531318663,0.0,0.0,0.0,1.0
16.28909894118799,64977.48161757341,0.0,0.0,1.0,0.0
60.508215823863125,51850.88431159732,0.0,0.0,0.0,1.0
50.84406786137982,54158.71971264367,0.0,0.0,1.0,0.0
38.78059649142205,48566.595266583165,0.0,1.0,0.0,0.0
56.1547766331026,53620.63933926384,0.0,1.0,0.0,0.0
60.86721271231194,58556.667791630825,0.0,1.0,0.0,0.0
33.57967095286589,50003.00555836958,1.0,0.0,0.0,0.0
36.03498475117714,50221.41578983631,0.0,0.0,0.0,1.0
26.039907480789545,51044.25318964222,1.0,0.0,0.0,0.0
32.97708614843188,47996.73845646559,0.0,0.0,0.0,1.0
64.65287862121346,56130.94601506862,0.0,1.0,0.0,0.0
55.93595467503547,64394.62842854105,0.0,0.0,0.0,1.0
76.02339062258736,60724.32372167249,0.0,0.0,0.0,1.0
31.960695195170345,58521.326008508106,0.0,0.0,0.0,1.0
52.309578555674925,41310.11284074226,1.0,0.0,0.0,0.0
58.88508314254082,48775.80059883243,0.0,0.0,0.0,1.0
46.53726963237311,45059.19730405638,0.0,0.0,0.0,1.0
62.49555818503878,58488.97257615072,0.0,1.0,0.0,0.0
32.807646144951526,48795.171562428506,1.0,0.0,0.0,0.0
69.24450064082875,36313.47222562002,0.0,1.0,0.0,0.0
42.0270648543042,56715.64460869061,1.0,0.0,0.0,0.0
34.61473838649309,52394.459195143856,0.0,0.0,1.0,0.0
49.635711645489806,39620.401993881314,0.0,0.0,0.0,1.0
37.32354663086545,44248.21378272603,0.0,1.0,0.0,0.0
55.33746685611504,65773.0110791897,0.0,0.0,0.0,1.0
53.99366311868034,61170.30916080908,0.0,0.0,1.0,0.0
55.55160199708341,44117.418341544006,0.0,0.0,0.0,1.0
18.06535241054977,43521.4583478318,0.0,0.0,1.0,0.0
37.75635240809223,50485.667789612125,0.0,1.0,0.0,0.0
33.91457012965151,31262.0925765043,1.0,0.0,0.0,0.0
17.683708960582553,63015.53877831405,0.0,0.0,0.0,1.0
48.27988960135946,60677.402957547805,0.0,0.0,0.0,1.0
55.96500940178222,56522.49726516361,0.0,0.0,1.0,0.0
54.88581515870129,53672.53866012477,0.0,1.0,0.0,0.0
46.2424885577715,52009.98950218564,0.0,0.0,1.0,0.0
33.36187765250274,41117.21159884355,0.0,0.0,1.0,0.0
59.906733217956585,30366.982590095227,1.0,0.0,0.0,0.0
56.49364462560765,60572.15773482552,0.0,0.0,1.0,0.0
41.71700622396561,40908.118847524,0.0,0.0,0.0,1.0
44.40158424372432,56325.28082584941,0.0,0.0,1.0,0.0
48.15454560332993,63754.64983484466,0.0,0.0,1.0,0.0
57.65759264462606,47073.33229509815,0.0,0.0,1.0,0.0
50.26748201440626,61180.32856211881,0.0,0.0,0.0,1.0
52.78306770660183,55045.21697742364,0.0,0.0,1.0,0.0
80.15481079218938,35816.067345318035,0.0,1.0,0.0,0.0
62.7638496779426,49644.17538801015,0.0,0.0,1.0,0.0
36.50408113177915,39866.40659115259,0.0,1.0,0.0,0.0
31.307836210552303,38329.271972680166,1.0,0.0,0.0,0.0
44.80043046932047,56480.09478476,0.0,1.0,0.0,0.0
38.643604769659454,41973.26777590221,0.0,0.0,1.0,0.0
35.436186868860545,74508.10448140853,0.0,1.0,0.0,0.0
54.20656283684863,77019.672618012,1.0,0.0,0.0,0.0
28.802363283277696,65862.91581837897,1.0,0.0,0.0,0.0
38.19878837424219,46321.62249635989,0.0,0.0,1.0,0.0
20.5299733437439,52414.05748062707,0.0,1.0,0.0,0.0
54.980534025492446,38553.65986039225,0.0,0.0,1.0,0.0
43.28038746740411,54677.15847806035,0.0,0.0,0.0,1.0
42.331231862934025,62759.78249278038,1.0,0.0,0.0,0.0
41.67695103624393,34383.95269779409,0.0,1.0,0.0,0.0
44.87830197582375,62124.39290772917,0.0,0.0,1.0,0.0
58.03158750886156,49871.96046937726,0.0,1.0,0.0,0.0
14.739918028163828,48942.16893117229,0.0,0.0,1.0,0.0
54.7849550726502,48750.91699072687,0.0,0.0,1.0,0.0
47.9759027576623,47575.94254882963,0.0,0.0,0.0,1.0
88.77260332590139,43737.82844524932,0.0,0.0,0.0,1.0
55.44484293120485,48879.05580909959,1.0,0.0,0.0,0.0
51.23755254429091,55544.858963482686,0.0,0.0,0.0,1.0
46.184460685021264,52510.67514967138,0.0,0.0,1.0,0.0
61.11499507155366,46046.12701736237,0.0,0.0,0.0,1.0
45.21763498893981,46715.962564418674,0.0,1.0,0.0,0.0
42.7482457311929,49436.46756032019,0.0,1.0,0.0,0.0
25.47618025795003,50586.77654399763,0.0,0.0,0.0,1.0
43.620648260936015,40739.207770296896,0.0,0.0,0.0,1.0
44.78594470575917,65482.87870139006,0.0,0.0,0.0,1.0
61.23168469489711,60806.12025099895,1.0,0.0,0.0,0.0
14.701090017657954,67898.60620294871,0.0,1.0,0.0,0.0
53.07652435824679,43983.26022802963,0.0,0.0,0.0,1.0
32.2250673849841,59712.77983284507,0.0,0.0,1.0,0.0
58.61943470440573,57316.69901959293,0.0,1.0,0.0,0.0
32.30348547811532,49310.61919873717,0.0,0.0,1.0,0.0
63.505864175042895,62909.16283810137,0.0,1.0,0.0,0.0
13.42875741421478,71607.05956592495,1.0,0.0,0.0,0.0
61.38160175973639,52660.03070300323,0.0,0.0,1.0,0.0
52.77152553044964,45042.73261357568,0.0,0.0,1.0,0.0
28.57094221735793,52262.714535420106,0.0,0.0,1.0,0.0
42.14638733380176,64512.29794760791,0.0,1.0,0.0,0.0
29.733535363845704,29299.498742608448,0.0,0.0,0.0,1.0
32.96579959290685,45956.39013717509,1.0,0.0,0.0,0.0
28.822308879531043,53132.97877518992,1.0,0.0,0.0,0.0
54.29608177054303,59384.98152599108,0.0,0.0,0.0,1.0
48.41243813598081,31605.53115265645,0.0,0.0,1.0,0.0
41.78898453408208,47647.44574400107,1.0,0.0,0.0,0.0
28.9611825936738,53205.62542522212,0.0,0.0,1.0,0.0
50.34379183059126,67443.16868019424,0.0,1.0,0.0,0.0
33.314708677200215,58959.15987999184,1.0,0.0,0.0,0.0
32.27901602954237,41467.473642429024,1.0,0.0,0.0,0.0
24.88402930047647,73491.70934972259,0.0,0.0,1.0,0.0
48.743222843971154,49130.38280054742,0.0,1.0,0.0,0.0
43.98192927450777,63469.85584018823,0.0,1.0,0.0,0.0
49.61748558770827,50003.96736655478,0.0,0.0,0.0,1.0
63.92278878803274,51122.27154628939,1.0,0.0,0.0,0.0
17.204722756536462,41108.55150927258,1.0,0.0,0.0,0.0
44.69159163974239,59804.68671544965,1.0,0.0,0.0,0.0
44.41885657515685,69088.61483219714,0.0,1.0,0.0,0.0
52.486437242066245,60586.76591940965,1.0,0.0,0.0,0.0
24.06827242867392,48305.33365543243,1.0,0.0,0.0,0.0
68.60601324832659,49827.12491747506,1.0,0.0,0.0,0.0
52.52527567753182,54075.49763889593,1.0,0.0,0.0,0.0
61.55900320052861,51592.71128232097,0.0,1.0,0.0,0.0
41.27076219349984,50414.98809436124,0.0,1.0,0.0,0.0
52.19261322002413,61809.14463181747,0.0,0.0,0.0,1.0
50.97220897683805,60675.32880750014,0.0,0.0,1.0,0.0
79.15629747079956,49140.15195384344,0.0,0.0,1.0,0.0
57.34174171251004,40129.283515277406,0.0,0.0,1.0,0.0
60.44119651432989,53845.67805311167,1.0,0.0,0.0,0.0
44.63650749195462,56068.61054433704,0.0,0.0,1.0,0.0
62.19041362520122,50484.53569774433,0.0,0.0,0.0,1.0
70.12289509371098,52681.06186552048,1.0,0.0,0.0,0.0
62.39759949582516,48404.81058574432,0.0,0.0,0.0,1.0
43.86192823972465,46899.654027504526,1.0,0.0,0.0,0.0
55.52242172887072,52890.40408325996,0.0,0.0,0.0,1.0
28.19928866295192,61733.62677669767,0.0,0.0,1.0,0.0
63.81507541136009,48176.51787226925,0.0,0.0,0.0,1.0
36.64304141141653,52650.26843414124,0.0,1.0,0.0,0.0
48.34921369883056,63100.65468717403,1.0,0.0,0.0,0.0
56.38236624245414,41793.81832658537,1.0,0.0,0.0,0.0
56.00321720258799,56018.828562466406,0.0,0.0,1.0,0.0
21.618195074642376,57780.71111510058,0.0,0.0,0.0,1.0
38.570182096252,50654.8987615151,1.0,0.0,0.0,0.0
34.69926985495057,36745.23905335049,0.0,0.0,1.0,0.0
47.69871554319625,45196.44363977272,1.0,0.0,0.0,0.0
39.21491053533228,36999.12933889722,1.0,0.0,0.0,0.0
45.51044379520022,45511.26902377093,0.0,0.0,1.0,0.0
66.79133317689275,46669.832396684666,0.0,1.0,0.0,0.0
48.20713190911595,62504.08709202967,0.0,0.0,0.0,1.0
56.3484701236971,51821.85089931363,1.0,0.0,0.0,0.0
34.811540202105675,44956.6126232327,0.0,0.0,0.0,1.0
17.688595832969757,58708.246516700885,1.0,0.0,0.0,0.0
57.59023671347404,55659.59830800407,0.0,1.0,0.0,0.0
60.93985936181289,59180.65631243925,1.0,0.0,0.0,0.0
32.33513944225393,51819.111234073134,0.0,1.0,0.0,0.0
68.01723152691773,52926.25651470914,1.0,0.0,0.0,0.0
31.555010121119075,46379.4059042028,0.0,0.0,0.0,1.0
13.882704734755327,52017.791602802296,1.0,0.0,0.0,0.0
60.40341927386872,60278.84364358987,1.0,0.0,0.0,0.0
51.358342236659794,61059.45886929365,0.0,0.0,1.0,0.0
57.56745802844221,55243.97508663496,0.0,0.0,1.0,0.0
37.31198834030175,58218.198616529735,0.0,0.0,0.0,1.0
34.74548576570419,44997.14692750557,1.0,0.0,0.0,0.0
36.33118834750934,55855.078455946525,1.0,0.0,0.0,0.0
24.160519046835145,59723.25163840615,1.0,0.0,0.0,0.0
50.79573980772091,53362.62743156559,0.0,0.0,0.0,1.0
21.266652498802834,44780.20532768339,1.0,0.0,0.0,0.0
30.90805137021026,59660.11688542214,1.0,0.0,0.0,0.0
46.26700179584921,62991.65451116633,1.0,0.0,0.0,0.0
52.96539142341315,57510.98992602261,1.0,0.0,0.0,0.0
60.60092729853864,59502.42884353614,0.0,0.0,1.0,0.0
35.38378100192467,53021.10436050897,1.0,0.0,0.0,0.0
51.326701113763065,53020.549527700205,0.0,0.0,1.0,0.0
86.32826615579853,50757.25898804666,1.0,0.0,0.0,0.0
39.46590841452807,55751.21417034802,0.0,0.0,0.0,1.0
42.446126298061415,52851.58940202422,1.0,0.0,0.0,0.0
42.23781276475197,52831.39112475932,0.0,0.0,1.0,0.0
43.47007925046102,50051.29122217444,0.0,0.0,0.0,1.0
32.41660988961395,52339.269158115305,0.0,0.0,0.0,1.0
31.4899292623128,54156.64766415098,0.0,1.0,0.0,0.0
49.09516076241579,53290.83910171744,0.0,0.0,1.0,0.0
55.736013617562605,39158.56080896792,0.0,0.0,1.0,0.0
27.02411812571932,51930.79903850768,0.0,0.0,0.0,1.0
55.99243622732617,50072.6472035993,0.0,0.0,1.0,0.0
51.5400866283387,54717.648101545885,0.0,0.0,0.0,1.0
59.74024714154912,63201.0864431973,0.0,0.0,1.0,0.0
36.15821400091922,44467.17681004372,1.0,0.0,0.0,0.0
46.5118660896721,45062.630775441794,0.0,0.0,0.0,1.0
50.93131478082057,48300.77557147144,0.0,1.0,0.0,0.0
60.44160833890561,39122.519185377954,0.0,0.0,0.0,1.0
57.25255517146472,48903.11774563901,0.0,1.0,0.0,0.0
41.46433132714997,53133.11249555463,0.0,0.0,1.0,0.0
14.244638140736996,56591.11925125068,1.0,0.0,0.0,0.0
29.03669989773977,56058.663712988295,0.0,1.0,0.0,0.0
52.50214549670826,51459.66212480292,1.0,0.0,0.0,0.0
31.491144711959077,50401.63604717135,0.0,0.0,0.0,1.0
25.89621677105101,53192.47429146081,1.0,0.0,0.0,0.0
52.592364831910686,48727.84034576474,1.0,0.0,0.0,0.0
53.18680070298534,45215.240976781344,0.0,0.0,0.0,1.0
24.18197174316297,62067.691007387904,0.0,0.0,0.0,1.0
11.72478359923378,41388.02607073437,0.0,1.0,0.0,0.0
27.0041210236468,51172.28380417258,0.0,1.0,0.0,0.0
31.69005811716343,43540.2895376494,1.0,0.0,0.0,0.0
65.60871577817174,64532.10347334761,0.0,0.0,0.0,1.0
56.91900574417817,66214.94102525373,1.0,0.0,0.0,0.0
45.227744138106495,68995.9324565283,0.0,0.0,0.0,1.0
41.53048585605451,43439.3406665084,0.0,0.0,1.0,0.0
56.34732531474148,61928.958148482925,0.0,1.0,0.0,0.0
45.47093798299165,44478.79895481968,0.0,0.0,1.0,0.0
30.322506812000903,70883.99327092072,0.0,0.0,1.0,0.0
53.47263537900184,66313.63211716275,1.0,0.0,0.0,0.0
32.66885982258109,49950.52346647823,0.0,0.0,0.0,1.0
47.52023010798793,63628.54300893871,0.0,0.0,0.0,1.0
64.01477266781961,60784.36647420352,0.0,1.0,0.0,0.0
24.741660534855253,35854.70998127233,0.0,0.0,1.0,0.0
50.747522846383504,59355.75583364494,0.0,0.0,0.0,1.0
37.68441940576883,45286.52086171959,0.0,0.0,1.0,0.0
37.66670821434463,44612.08969831282,0.0,1.0,0.0,0.0
57.40673142848652,63318.57150723424,0.0,1.0,0.0,0.0
72.11412761653895,54620.82479624229,0.0,0.0,0.0,1.0
36.90613168894303,33305.921316035136,1.0,0.0,0.0,0.0
27.643250719300937,46342.11125432887,0.0,0.0,0.0,1.0
80.72570297598818,41541.407617693454,0.0,0.0,1.0,0.0
43.27163651171704,38216.182162807214,0.0,0.0,0.0,1.0
51.158251279914246,47572.38785617465,0.0,0.0,1.0,0.0
48.40026372741896,52963.51707693067,0.0,0.0,0.0,1.0
54.48681324963451,38691.00588538343,0.0,1.0,0.0,0.0
30.37790136115737,50521.822134711714,0.0,1.0,0.0,0.0
57.474251792706056,52141.14012824462,0.0,0.0,0.0,1.0
44.83699294447542,56036.36908776796,0.0,1.0,0.0,0.0
55.295303325218,60088.02244305257,0.0,1.0,0.0,0.0
50.51265615810903,69576.2564424056,0.0,0.0,1.0,0.0
15.948709462463023,58800.99254869883,0.0,1.0,0.0,0.0
64.36137636183642,48738.87198208508,0.0,0.0,0.0,1.0
45.29016106217632,51527.45438315213,0.0,0.0,1.0,0.0
36.38848987074603,47641.67483262253,1.0,0.0,0.0,0.0
83.09072434174291,40612.67431823307,0.0,0.0,1.0,0.0
70.10045919228786,59401.15423806178,0.0,0.0,1.0,0.0
30.74904753800809,47520.94728913865,0.0,0.0,0.0,1.0
70.56153117088677,44159.262729931324,0.0,1.0,0.0,0.0
65.83536544444142,64232.70544747623,0.0,1.0,0.0,0.0
21.2635803896454,56967.67833398645,0.0,0.0,0.0,1.0
47.23315205876537,43192.70449010212,0.0,0.0,1.0,0.0
37.05799554739488,43050.80440932214,0.0,1.0,0.0,0.0
25.039423030036108,59582.62506809504,1.0,0.0,0.0,0.0
37.41050701518217,53162.6872599854,0.0,0.0,0.0,1.0
32.73476405092299,48523.09772097542,1.0,0.0,0.0,0.0
40.75172941582152,43698.28313640442,0.0,0.0,0.0,1.0
12.426428928593287,55443.88196329743,0.0,0.0,0.0,1.0
30.507649149443743,57748.09425892271,0.0,1.0,0.0,0.0
24.98084089634651,62493.24868229701,0.0,1.0,0.0,0.0
38.457668377387726,53329.80316660116,0.0,1.0,0.0,0.0
48.96402407468455,53255.48016532713,0.0,1.0,0.0,0.0
43.27335459115141,52649.37913139585,1.0,0.0,0.0,0.0
47.20402947580032,46118.83393847673,0.0,1.0,0.0,0.0
50.98976402578696,40258.695005795744,0.0,0.0,0.0,1.0
45.24037923442741,38207.33550853303,0.0,0.0,0.0,1.0
61.1527221698652,46134.92390059226,0.0,1.0,0.0,0.0
60.90134609862999,57423.222411805065,0.0,0.0,1.0,0.0
49.37345515022959,45839.574424484825,1.0,0.0,0.0,0.0
37.00911752674645,53344.07719953892,0.0,1.0,0.0,0.0
18.796564629816675,53000.16437766861,0.0,1.0,0.0,0.0
51.47447444456396,50454.93711467695,0.0,1.0,0.0,0.0
59.5435353862936,59286.34992374697,1.0,0.0,0.0,0.0
64.42478377225433,48639.68417497224,0.0,0.0,1.0,0.0
64.36910758523818,49509.95405452769,0.0,0.0,1.0,0.0
50.25555324579507,60675.162406682764,1.0,0.0,0.0,0.0
42.740789780551005,50614.02101321951,1.0,0.0,0.0,0.0
39.121848519197,51368.016746341455,0.0,1.0,0.0,0.0
40.807388050552,49612.86213576818,0.0,0.0,0.0,1.0
12.326830204028546,78345.43083225997,0.0,0.0,0.0,1.0
35.018665528058094,47331.99952340911,0.0,0.0,1.0,0.0
53.3008347461164,52331.04549856811,0.0,1.0,0.0,0.0
44.25179768807824,52387.36783765349,1.0,0.0,0.0,0.0
58.65627749528355,49164.26264881969,0.0,0.0,1.0,0.0
42.06452203279648,50891.77208182959,0.0,0.0,0.0,1.0
45.5101214434222,64708.24190688925,1.0,0.0,0.0,0.0
33.508187540839934,50542.406647528056,0.0,0.0,1.0,0.0
57.56646332319884,54686.06632583296,0.0,0.0,0.0,1.0
57.70323155827371,52056.45840565977,0.0,1.0,0.0,0.0
37.73822258122773,54689.18002289586,0.0,0.0,1.0,0.0
43.27796626861405,43015.239022380505,1.0,0.0,0.0,0.0
-2.65055719794001,58281.76627117088,0.0,1.0,0.0,0.0
42.63379525152772,39073.71521564694,1.0,0.0,0.0,0.0
36.93531363330276,51737.05234731413,0.0,0.0,1.0,0.0
29.159538000499985,50343.70840720898,0.0,0.0,0.0,1.0
57.634459905208544,55955.07421412192,0.0,0.0,0.0,1.0
69.35827489216729,59382.091584753856,0.0,1.0,0.0,0.0
46.607548728893946,60854.67109245532,0.0,1.0,0.0,0.0
24.898918933140976,37439.79447566197,0.0,0.0,1.0,0.0
28.556695126971523,62070.05138137602,1.0,0.0,0.0,0.0
19.6724221789725,37859.628839939054,0.0,0.0,0.0,1.0
31.06811877821312,68918.87094478907,0.0,0.0,0.0,1.0
1.286160152745886,58363.29123649706,0.0,0.0,1.0,0.0
44.22715607213031,47989.14727273005,1.0,0.0,0.0,0.0
36.78142043689597,60718.92906113218,0.0,0.0,1.0,0.0
49.90283100915656,56778.048827943545,0.0,0.0,1.0,0.0
50.016577722727824,39970.88349716572,0.0,0.0,1.0,0.0
30.23198924277048,61207.50899727015,0.0,0.0,0.0,1.0
53.24524779435389,55037.33867253759,0.0,1.0,0.0,0.0
34.41339775356953,52841.71146794749,0.0,0.0,1.0,0.0
44.45504087936487,45720.52986491579,0.0,0.0,0.0,1.0
21.66939399238137,56074.80716869025,1.0,0.0,0.0,0.0
29.588946727109835,50632.29355915565,0.0,0.0,1.0,0.0
37.575517794478905,48023.35965483259,0.0,1.0,0.0,0.0
47.86374786215566,46085.78533949748,0.0,0.0,1.0,0.0
56.84879583271278,45550.83860418305,1.0,0.0,0.0,0.0
57.29059902209109,36751.6969360443,0.0,0.0,1.0,0.0
35.11441087667033,60602.224706012326,0.0,0.0,0.0,1.0
54.55987024534609,58844.55507625728,0.0,0.0,1.0,0.0
7.529084737605906,59885.56538523768,1.0,0.0,0.0,0.0
43.07010830471916,33227.868049854966,0.0,0.0,0.0,1.0
83.23514563076583,47768.1699509322,0.0,0.0,0.0,1.0
58.09236526508452,50446.33779138249,0.0,0.0,0.0,1.0
32.15745239007375,36427.635425640896,0.0,0.0,1.0,0.0
11.981347898236224,63454.432605741385,1.0,0.0,0.0,0.0
56.76004168966122,55520.15089239454,0.0,0.0,0.0,1.0
63.036768719746085,48796.23324052751,0.0,0.0,0.0,1.0
39.94657309822292,47711.01578709828,0.0,0.0,1.0,0.0
21.0615904713883,53230.71982659308,1.0,0.0,0.0,0.0
52.13048416038016,38495.711057532986,0.0,0.0,0.0,1.0
59.36759446662401,49469.870636007225,0.0,1.0,0.0,0.0
13.880399436804474,59843.7194747914,0.0,0.0,1.0,0.0
30.107009983716814,51770.5528427332,1.0,0.0,0.0,0.0
40.93027532897554,59689.61801008648,0.0,0.0,1.0,0.0
52.44600176600912,58780.77517152188,1.0,0.0,0.0,0.0
28.177047788624588,65502.47148100889,0.0,1.0,0.0,0.0
51.26197634731943,54774.62857274939,1.0,0.0,0.0,0.0
30.63646567477182,61194.60685665735,0.0,0.0,0.0,1.0
30.08357217300312,52964.8716583612,0.0,1.0,0.0,0.0
60.80837328443825,61890.85021697768,1.0,0.0,0.0,0.0
5.627744154388324,54188.2118962464,0.0,0.0,1.0,0.0
45.39307129161053,45096.392901397296,1.0,0.0,0.0,0.0
39.822529418253055,40561.434510169456,0.0,1.0,0.0,0.0
46.96035036696573,49291.177188461006,1.0,0.0,0.0,0.0
30.96605551856361,54328.9282471953,1.0,0.0,0.0,0.0
60.72723976575889,49109.56865164868,1.0,0.0,0.0,0.0
29.123390495375208,45122.31892025938,1.0,0.0,0.0,0.0
24.12062428572403,50535.666685878175,0.0,0.0,0.0,1.0
62.44257866302479,45267.13541840517,1.0,0.0,0.0,0.0
12.454838734114468,32250.55777161978,1.0,0.0,0.0,0.0
36.51635448189015,52066.2641328121,0.0,0.0,0.0,1.0
37.99861782072839,75740.9357703418,0.0,1.0,0.0,0.0
56.969918244183546,52309.37778123814,1.0,0.0,0.0,0.0
57.85053720363834,55877.76177113534,0.0,0.0,0.0,1.0
