age,income,race,true_cost,predicted_cost
49.86510315022302,52925.727201391004,Asian,28211.59001723726,27746.308077021906
37.00911752674645,53344.07719953892,Black,21052.73065579243,24090.782885328194
57.59495796646783,39300.48852040526,White,21347.18428456054,22117.14408637361
24.637236902370976,59228.392683526195,Black,19406.444200425532,26423.592108299956
31.4899292623128,54156.64766415098,Black,25106.702865818566,26090.218783792858
30.53699892865133,58597.48853319399,Hispanic,18472.80710032252,19122.03680177186
61.200840887089655,34965.14040168953,Asian,26858.58826318841,27624.04556178895
59.14182771210113,54803.41772918011,Black,14207.105155703961,13112.58342355412
52.309578555674925,41310.11284074226,Asian,14406.502471630836,14761.910940686852
61.078947978176956,48424.09072703774,White,25124.560530759023,28444.03059853814
31.810758263820176,56809.28408772745,Hispanic,20468.734712501922,21253.661382821352
50.22892679791471,52819.84245630322,Asian,18276.65150308123,16793.00217837255
43.12238357425254,44336.14018198613,Hispanic,26340.346394852757,24527.634843656168
57.70323155827371,52056.45840565977,Black,17356.43151548349,16730.926786318883
43.271636511717034,38216.182162807214,White,19798.79247419778,20483.451060224983
39.22585667384878,62352.40656308467,Hispanic,29395.367700426956,32879.33403911761
53.11362777841485,50152.44382453374,Black,30234.854074863902,27383.63247144781
58.1425375078685,62066.94949829794,Asian,30434.38926162196,30134.823566900068
34.97482207729797,47261.214816135616,White,19307.245338396533,20168.02038698423
44.08386492971436,47287.81610434075,White,28384.21742990682,24299.953010833233
29.123390495375208,45122.31892025938,Asian,15306.283033387932,13722.287325971916
7.529084737605906,59885.56538523768,Asian,15558.582751667633,14358.861402327168
48.00689447120593,45615.119584043714,White,6897.264884253833,5407.338949627587
54.13358034381948,57801.358891736585,Hispanic,31037.20921139118,32016.933073945296
48.93100213630088,48557.92842097639,White,15816.12090554353,15914.721881789037
15.756574233684493,34216.33030097542,Asian,20240.80452151764,19352.58926501505
39.73725854885288,46867.17338992181,Hispanic,15538.053948430297,17107.960514811886
11.724783599233781,41388.02607073437,Black,25170.991489980843,29978.678284096466
65.54551661481277,52305.12451314104,White,18746.198035695958,23344.339327550337
28.70918126822871,41286.33037892959,Asian,13171.098657402305,8864.169227246464
63.83105414189845,60333.77590643155,Black,23649.975385116362,25592.65584470421
59.18804465526218,51180.31725682275,White,12397.619851138628,12452.561625979033
31.491144711959073,50401.63604717135,White,15975.565648107051,16863.454005270443
28.008225730983824,57903.029240088246,Hispanic,8358.665312243515,7862.957728387143
50.25555324579507,60675.162406682764,Asian,12456.25132681436,13250.222901532365
32.33513944225393,51819.111234073134,Black,22071.17501832287,22949.693508502914
46.53726963237311,45059.19730405638,White,9212.783771382452,8265.404378010144
37.757586137896226,36034.273454990835,Hispanic,12113.125652269706,10372.206782706755
18.2826237830155,45825.55218668338,Black,20985.78650320315,20364.04729665444
11.542979713133114,46445.089780168346,Black,17738.358623441683,18824.0067845836
48.40026372741896,52963.51707693067,White,32952.21981575585,34949.71066996651
36.576633805040615,48893.678069757756,Black,32003.379276146254,34636.75171949662
36.703652746288014,58191.39674846285,White,15792.465223493078,15056.990165825797
55.43795758640678,46483.15055856379,Hispanic,24342.82571042089,25552.43712867773
62.60163414948667,51486.62949832353,Hispanic,25495.695341276707,28401.951821159953
40.91182917957286,62655.88698877201,Black,17415.12685185358,20829.1140897139
39.89101939635208,55076.4269255947,White,12026.750781010776,12379.668645681972
52.50214549670826,51459.66212480292,Asian,20926.209304151653,20873.87999180262
24.64596645450637,46582.50002258341,Hispanic,19962.925951115336,20940.736535706317
48.347295821215454,46300.917429565205,White,18385.413018176285,16011.144335932771
53.27828957733231,44344.48072343247,White,23653.90120898691,23669.87743139814
55.203453126264435,47130.93820795391,White,16495.622357966407,18857.088354149233
15.948709462463025,58800.99254869883,Black,14088.014714525141,16192.882538134394
33.57967095286589,50003.00555836958,Asian,21654.49782209899,21478.82881118927
31.826051207648,39852.04237556892,Black,23315.820555413255,24360.11605813117
46.498304316138196,67913.52363753805,Hispanic,13940.130336599683,12378.504485872963
52.211168696519756,54879.68672030647,Black,26568.543665946487,28827.27403650905
67.45065611168972,39337.50939538148,White,10377.113173343532,10682.55958300235
37.575517794478905,48023.35965483259,Black,17531.31924770614,17341.440618465793
37.53641252536179,52997.97744545576,White,19451.948782814346,19047.63919258088
62.24508028318121,67341.3288396764,Asian,17182.65772408842,17525.423056838776
49.44865407795458,42026.98787567018,Black,17609.637158692844,16989.943046362947
64.01477266781961,60784.36647420352,Black,32226.446893848683,34371.80448385509
49.33092004514754,64595.377842751084,Black,15894.695465766608,15406.486595726157
27.643250719300937,46342.11125432887,White,35647.33033483148,40129.74057489993
25.0030746783329,49502.3774302579,White,23622.760678386312,27785.786937089764
21.727316264116066,42673.21677363607,Black,21552.33082387195,19823.47209923569
54.930777521377095,50168.84973027726,Black,23857.442120325995,24531.702793899196
62.82895234630512,51670.69023091362,Asian,36179.56649551171,35052.92494217122
72.74043212079572,57936.84998274133,Asian,15038.441976411312,14721.823068439782
57.6465799848486,61811.65123918402,Hispanic,14277.492486381665,19783.56115549366
62.44257866302479,45267.135418405174,Asian,16470.802820568475,16201.874277778978
36.29975501019473,34294.07442196605,Asian,21192.858881787364,22593.423974480935
27.653762748842148,51808.79698651382,Asian,10645.37325112456,12498.676486145256
57.7511899862633,54641.837769717764,White,21134.035435911646,19132.462004703546
51.26521128359101,54244.75918916537,Asian,31161.282800482033,29523.544114459022
46.61166561511339,49059.9407724186,Asian,21908.444343748666,19393.388415228368
50.81057220949485,53122.76889697541,Black,19243.887246148337,17528.960411403896
49.84778223687309,65639.00327517022,White,17291.037307898237,10665.962034605282
64.25725289780343,55435.60752066258,Hispanic,26391.070227309385,28252.526229293457
64.42478377225433,48639.68417497224,Hispanic,16045.003360571714,21680.48796371189
53.16330528510521,47498.219646136036,Asian,32078.37552359549,32947.92737118681
57.68704308844392,50471.328780900425,Hispanic,32600.158486286142,29559.486337934624
52.710938286371636,66730.65965647576,Hispanic,22540.504791970725,21433.563834720855
38.082454019480714,50350.29361426422,Hispanic,20930.90947154013,20283.717358977636
56.3484701236971,51821.85089931363,Asian,27183.95884944936,25139.99690641592
24.082573967111074,47659.17786157328,Hispanic,27568.791013363953,30219.247609351845
60.80837328443825,61890.850216977684,Asian,16164.049613643507,18689.699724581842
27.082155903509474,69638.53529270207,Black,17840.66920117979,15452.039716635642
49.287049301920995,56055.5174448825,Black,13065.915391900227,15378.618003018997
32.32269062360761,52744.95613406883,Hispanic,23454.38963000434,27771.421288947506
53.3008347461164,52331.04549856811,Black,24999.767300741343,30256.162813815245
44.49112161108137,30541.23890092829,Asian,12900.446172832362,20563.47623054727
21.078660627550015,58706.35777856335,Black,18268.806571103047,16513.824947495053
51.31049446527718,53207.497743962595,Hispanic,12916.476494511906,20477.02756049991
36.33118834750934,55855.078455946525,Asian,15607.201138536973,15221.685167265003
58.21720081220054,45596.84025324666,White,24306.102361357796,23324.93872290651
45.019885331016106,48539.88808920617,Asian,16599.107599930325,17916.78853712494
50.93131478082057,48300.775571471444,Black,19195.04426380621,18239.890928573677
30.63646567477182,61194.60685665735,White,11236.129632316108,12733.739983932423
36.16001652858957,48591.16147057216,Asian,22121.941258347986,19321.748289004732
38.120420458483736,70743.94289898817,White,20734.360080932107,20637.478575773523
57.85053720363834,55877.76177113534,White,16626.244499801025,20340.200085705223
70.16065631708234,40518.856060038415,White,19865.914213905155,20223.260985327266
32.92242372385685,50843.08336073239,Asian,22081.769283020665,22935.758749870372
61.1527221698652,46134.92390059226,Black,16110.791106543937,17798.937618337215
12.454838734114468,32250.55777161978,Asian,12142.424735989323,15569.078809283474
27.08715898361566,66395.2384610241,Black,31833.44659612089,28195.38481564731
30.618323157198375,58328.28287998003,Asian,17200.363771738364,19161.673901331953
24.712369658389164,56798.865861093815,Asian,20419.439380878663,20249.091532774255
21.2461741531863,53488.63294269734,Asian,27065.03841012188,27981.633148401477
51.19498368206696,39561.841881768065,Black,42174.331125422905,45324.20654982884
41.788984534082076,47647.44574400107,Asian,13533.081300666807,11047.614672137195
50.69108096407665,59576.02697305611,White,23698.96328235906,21667.352178751335
55.35709029182269,42539.01973195748,Asian,16754.686288235363,12416.111388950849
48.984254897588,29214.076153742677,White,17767.258172539736,16894.360818130295
54.86644764225561,49956.04592997167,Hispanic,16678.72787395926,20504.8087349063
43.95701570636596,50724.18201375215,Hispanic,14246.07019319649,14444.602222012816
27.19509917541383,53220.07074773238,Black,20752.251829292032,17901.939590155067
60.86721271231194,58556.667791630825,Black,12152.983877710587,11438.787016272969
36.1633180082831,57738.45231008088,Hispanic,26680.845399071222,23461.191140344665
30.966055518563614,54328.9282471953,Asian,21330.017616200246,19017.052361872342
42.331231862934025,62759.78249278038,Asian,23534.60983740864,25006.657113067922
31.307836210552303,38329.271972680166,Asian,18202.868328322664,15768.185012557591
38.73854427015851,56541.23633029651,Hispanic,18796.77639472951,22078.362157737763
50.160808823452,57638.845270032485,White,22725.383431003967,23047.58270392813
50.2251260886919,40843.939425277844,Black,14015.696205565047,14729.68296542636
31.53254900361556,38474.164521858496,White,18852.057393519986,18656.12497450025
37.68441940576883,45286.52086171959,Hispanic,15842.318916729277,18274.438513088586
61.11499507155366,46046.12701736237,White,15656.587136453914,18114.48685589644
52.44600176600912,58780.77517152188,Asian,8340.970556246151,9678.606436026581
76.12597559022812,46469.150946780144,Asian,29035.95953688,30947.93230164912
62.70192260612291,44292.86333546916,White,16880.767481077386,16850.543306276322
62.16439602839908,46495.29636974897,Hispanic,27980.2563309813,29835.763848253922
24.181971743162972,62067.691007387904,White,27412.753928365753,27068.059489681236
56.45790527450134,52117.39036939257,Asian,13284.00176090104,13789.580816307045
44.20339797454634,50386.740771787794,Asian,14469.532585962927,14282.923212547183
36.73527294692626,51009.950511690535,Hispanic,36363.017756134104,35719.971407836114
47.52023010798793,63628.54300893871,White,31505.555651562863,30282.776157258388
59.17817301917225,45257.45446057082,Asian,20810.888920031375,22480.11417967859
52.51247386506317,63839.57461846093,Asian,22544.238638504095,26320.753420537752
31.822892979869103,53894.466690293535,White,17214.921582316867,20642.676511490765
56.1368837038893,50556.22556222187,White,23594.11628520204,20952.70294533845
35.436186868860545,74508.10448140853,Black,16696.908595665172,20419.916224182354
48.250246784464295,42499.24459181263,Hispanic,8805.877414209692,8510.481160164869
40.44974898784299,48816.82816389695,Hispanic,13070.665280933694,15072.497818797672
41.71700622396561,40908.118847524,White,21126.556487103524,19361.018156985498
56.493644625607644,60572.15773482552,Hispanic,14213.596586984473,15068.546371669487
29.39709420276153,67202.70040286511,Asian,20596.33521051879,21880.64316776106
74.17792611415399,67029.30503264174,White,14552.033763402822,11340.52178360369
17.683708960582553,63015.53877831405,White,16305.87646498804,18326.544380848514
36.03498475117714,50221.41578983631,White,26118.991838479153,29983.82935807494
50.553178349126114,48712.831202591384,Black,22484.883285840628,22548.26342163656
53.76471249652965,36959.47204755341,Hispanic,20942.013472119917,24842.43379918995
43.492864191424424,70322.86181663614,Black,26273.783838423908,26299.55010479289
44.13913945497686,56220.80270333621,Asian,23883.651560084083,26507.612887700627
51.158251279914246,47572.38785617465,Hispanic,29679.379747508203,24632.954832630454
41.533957838134796,63952.51200088271,Black,18240.844426109157,24787.788874392816
65.89771886902359,43245.11934915999,White,18422.190128834947,22660.83574194234
57.590236713474035,55659.59830800407,Black,13193.344401651928,12981.78064101773
58.09236526508452,50446.33779138249,White,18426.115695765482,13995.893129155938
30.507649149443743,57748.094258922705,Black,26788.619365814673,28008.690286578396
43.809173633914455,51427.83814732491,Black,28799.924233572805,25690.110365888413
40.493010769189446,38941.64897999898,Black,26761.831008520006,28373.964852413726
29.915979364658014,52680.18735403034,White,10234.848800703383,11763.763098614088
50.402462759186506,61439.77727687826,Black,27498.871275964404,25645.363353459343
36.935313633302755,51737.05234731413,Hispanic,9968.888260367576,13271.30581940352
54.83105744775356,58976.03609430177,Hispanic,26388.703944734087,28902.640701749522
28.947126556585026,42590.234628933526,Hispanic,18793.292840573667,21732.851183795075
70.78560919262732,51763.65286057133,White,25215.199883603134,25737.34414277537
31.555010121119075,46379.4059042028,White,13005.309912632605,9966.49974534834
48.28953505800654,58722.82756094239,Hispanic,28027.00579623688,30971.686476764724
56.877889655821015,52283.42406035796,Hispanic,12210.151523370667,12034.22302553119
36.44039354699831,58210.66308702951,Hispanic,16989.270534880932,14014.820176899259
57.78702965149426,61789.39383542079,Asian,15011.432233385789,18891.530648321605
26.562246032993755,58224.567176092496,Hispanic,10474.290883065007,16222.80968432128
66.7817654877384,54458.0659086428,Black,21567.16540553081,21964.0450830828
45.212238974486375,43016.08967339735,Asian,31836.53470702177,37734.33759353
36.05382888046681,51974.92500399789,Asian,37001.43133392005,37729.71815544843
40.51227341358848,47202.1863818575,White,21582.934722517486,21131.79496210161
57.13378904089079,48903.42438966196,Black,27700.087650405134,26623.94151494144
36.23317062224343,48629.19264324774,White,22392.567827571223,26985.27384755308
33.759634658658335,43180.6698269598,White,23993.299168609276,22542.939465139847
41.67695103624393,34383.95269779409,Black,18947.108093236566,21285.281368174034
27.345568308450478,45986.7125650501,White,22170.461552535613,21272.551964887592
72.30815861912723,53740.41506731743,Black,24224.87222763857,23574.105321202664
36.50408113177915,39866.40659115259,Black,17529.241626742012,20604.86586166593
57.474251792706056,52141.14012824462,White,20535.034200642072,20084.94208491869
48.14205125471659,69102.41581879868,Hispanic,20649.41928601507,20137.430837464337
30.23198924277048,61207.50899727015,White,25958.419903983147,29290.431646920166
44.91067936180906,66791.87358208477,Asian,14603.806970233916,19097.300203287974
56.76004168966122,55520.15089239454,White,20690.74674835409,22802.471256564673
42.1760799737054,62507.588406878014,Black,32472.032814316186,31335.108375256314
62.89669418776542,45484.317425789915,Asian,27984.360915515626,27207.839667271677
60.32273089172796,46200.93759680214,Black,29095.074293332233,29794.862452682326
58.78372281987494,27347.738144762745,Hispanic,21146.591041068205,22448.91619588235
38.10514841590505,62675.30926638069,Hispanic,22925.985382116138,20956.32060676671
28.802363283277696,65862.91581837897,Asian,27013.417000217552,29321.01184916721
35.796185919558084,47021.40479187457,Hispanic,30361.533177185585,31075.316501284582
47.94361411000081,49714.43464242489,Hispanic,9290.38252270268,5501.111726107356
53.18680070298534,45215.240976781344,White,13107.352157700927,11285.0359515491
12.426428928593289,55443.88196329743,White,28856.664608415886,28096.342924286728
44.878301975823746,62124.39290772917,Hispanic,19338.663865387178,19656.51964328454
47.371338379847764,36315.05223507063,Hispanic,16969.675264451536,22192.872253211528
40.836836155266724,55684.94677578027,White,13475.034078026376,14570.462343375446
64.36910758523818,49509.95405452769,Hispanic,17669.899790735344,16067.970065988782
51.326701113763065,53020.549527700205,Hispanic,12585.784299457051,13637.361310224958
64.65287862121346,56130.94601506862,Black,33546.565636394866,33166.346267760164
41.760592194746515,50306.17805104461,Hispanic,20865.38368811656,22177.279286950412
59.06216238760388,51067.71831934797,Asian,20652.296749423695,22603.715967012733
69.5259959179128,50075.12349200825,Black,24528.46005100699,28051.536669066834
64.67540173908992,60732.84581609453,Asian,26774.071015599417,27213.354776424352
28.617876098569003,55768.83964114747,Hispanic,26675.328939327836,31272.730258327418
41.194858836864285,53985.25183963625,White,27441.73166344543,30211.78831978591
39.822529418253055,40561.434510169456,Black,17214.92669525486,15946.32783322439
52.338818026144914,48592.78231108161,White,19212.799170258833,25237.438334629995
55.295303325218,60088.02244305257,Black,25614.18993265365,26931.676215828895
32.41660988961395,52339.269158115305,White,17835.66563016228,16247.854370231691
46.01757770875407,57935.78322630224,Black,20969.36020783665,25601.642835912702
14.701090017657954,67898.60620294871,Black,23392.582586548884,29087.026549544997
66.62917508702834,61347.45462287935,Asian,25711.11049386226,26128.547334563358
37.314386389849595,52838.42503929768,White,10333.914225778793,9574.788574839802
45.83795909766746,47401.097468238455,Asian,25288.473899333672,25357.536505699518
40.35525429017908,29018.053635496915,Asian,19597.655652889647,21884.484971683894
62.190413625201224,50484.53569774433,White,25244.746265186288,28939.387902762574
2.437403379039317,49065.887537648356,Black,25661.59015412897,27587.808481287906
44.75084486511137,55513.29574955838,Asian,30647.490366714945,31401.79838789437
43.41271863753453,50614.85295722781,White,29120.72188572722,33365.75131148829
38.195454186124756,49116.53446506885,Black,29079.429975661777,28797.33879303297
70.89339818453449,35985.409625435015,Asian,29662.02191499743,32739.320260914697
31.69005811716343,43540.2895376494,Asian,22748.273908895677,22528.116913017482
56.57694265853492,56289.85936720502,Asian,21193.11052222104,22770.667917248273
50.34379183059126,67443.16868019424,Black,26236.902499070005,26452.996087093878
63.92278878803274,51122.27154628939,Asian,25392.485708598135,25752.855251966106
34.99216372833742,54950.29966216711,Black,19145.60257957044,18702.136285914916
34.00546651314362,60572.303412575246,Hispanic,23428.94045284961,27291.075530801347
61.44104861216098,44701.95457419775,Asian,20789.421199292432,19457.106104021095
51.37981962495166,55301.32638956898,Hispanic,15876.402549239665,14525.821917867894
21.82593979984862,45335.58904301057,White,28742.764448258098,34545.24836287087
36.91042478305094,59783.419946419104,Asian,21331.195455180536,24275.814366816365
50.79573980772091,53362.62743156559,White,33292.2495461931,27829.465299460513
57.56646332319884,54686.06632583296,White,11247.046378801004,10333.899530774996
34.811540202105675,44956.6126232327,White,17659.327362939803,13629.354019034668
1.286160152745886,58363.29123649706,Hispanic,21195.83302014523,19319.106286607093
52.8483477860555,70762.41629107915,Black,27824.286585773483,20477.999920188384
26.695189650840362,42928.79474114614,Hispanic,23396.81623561311,23554.342291378256
14.739918028163828,48942.16893117229,Hispanic,22862.83652508451,20507.98197718123
2.515111125237887,54084.467267512824,White,14236.417244675118,14886.180386666214
57.20971290296612,59077.65590796235,Asian,14058.351616623171,10495.548469416859
46.929261756074496,46964.08343239478,Black,22935.02796173943,23642.307594669528
41.61515428931622,26502.72738871534,White,12815.36403708985,12278.073341789031
65.83536544444142,64232.705447476226,Black,17808.733498264028,22063.615911235516
54.55987024534609,58844.55507625728,Hispanic,24005.503974515144,28033.896128879205
69.24450064082875,36313.47222562002,Black,15106.054366339344,17569.41837386505
24.108967917495054,46531.880873983995,Black,30632.13577417084,30315.60132251781
44.481740640690546,66113.64186574593,Asian,28343.61806542734,33807.069053578074
20.749299375779785,65030.167766120794,White,11571.480009970197,8188.891815370645
41.55926502216799,60447.7602041105,Black,15405.772540908078,12396.875966998921
41.27076219349984,50414.98809436124,Black,7285.3365330303,7575.8787833076385
54.39920455894606,52746.88676931259,Hispanic,16304.451824711201,22439.547097013998
45.683458217128475,50821.66775386486,Hispanic,25598.330859434398,25592.483592259177
54.35110707419874,62154.15804941954,Black,18516.63034635086,18558.517238327655
55.55160199708341,44117.418341544006,White,23764.783461695806,20660.00757141628
77.32393016074712,44747.803106042156,Black,11865.994090309536,14730.818053485482
40.270550170708134,61092.471281524144,Black,25787.85152749143,28670.792163314814
30.884659490004314,51600.74690039595,Asian,17669.3446324299,20142.032635929674
48.691254229746136,64406.20619908427,White,21073.018093697432,19999.966411579026
32.96579959290685,45956.39013717509,Asian,20442.752991641682,19175.98607070917
67.22941152654803,51506.994756950575,White,13370.708874646298,10637.903248633871
40.751729415821515,43698.28313640442,White,14081.494009561306,14791.17526396364
36.51635448189015,52066.2641328121,White,26806.766814020557,24605.748490824302
37.93026418273323,38693.07756701081,Asian,23393.952945010173,20950.41168188695
55.77626135207461,47611.299211405334,Asian,27300.29424932056,26741.067457043868
42.63379525152772,39073.71521564694,Asian,22947.94941301511,22225.05897505457
35.37499769804427,58245.30909872132,Hispanic,21857.9438088553,21012.997486800414
69.98027876435296,58449.30405783687,Asian,10643.9362879994,12310.047780100054
32.15745239007375,36427.635425640896,Hispanic,19377.79981943298,20075.419324808678
45.5334911104949,64004.97170950515,Hispanic,20835.694077577537,20615.30400129974
54.784592274153454,74476.73613777869,Hispanic,32718.643189635444,33676.17551041415
20.5299733437439,52414.05748062707,Black,25121.739792592063,23142.922189830482
52.20390752108887,46229.971657978196,Black,30216.36709025717,30979.563650031363
29.17338486779326,77418.97531902742,Black,24585.22623536837,25461.732467479953
57.341741712510036,40129.283515277406,Hispanic,16732.180638303125,13474.563489909424
30.560234821215357,52180.958201821886,Hispanic,21702.74529689911,24691.979682825015
55.39153547773291,53616.60045368731,White,22417.341877585397,20713.75761451791
61.58749599442069,64106.32858407173,Hispanic,15365.06658137591,16090.841079391997
57.92154788449207,55237.6507761411,Black,18693.67574044247,22104.70509178065
48.769749723571536,47512.294937903935,Hispanic,19765.398037936968,22579.589932221643
41.53048585605451,43439.3406665084,Hispanic,30633.718995390707,31219.552466812795
36.35370635497734,48923.60361778478,White,8515.55684765413,8109.309340448959
67.06552036225656,42937.6537514937,Hispanic,28234.910524296258,31103.690295735178
34.50757169748535,52430.427878062146,Asian,15379.228590243703,17565.966034765253
29.444008896450057,46922.23438125562,White,12767.524876382315,11721.61232627199
54.980534025492446,38553.65986039225,Hispanic,28079.652780230783,26592.418662726555
33.05794795220257,63296.31209537413,Hispanic,25391.388415406287,20710.50046116629
30.749047538008092,47520.94728913865,White,28527.11221428714,29412.191818496107
23.345936067453525,40586.76875522219,Hispanic,25804.21168527346,26097.467322727465
37.75635240809223,50485.667789612125,Black,33359.07001042441,36699.548447030764
43.7592746415526,52615.344093708925,Asian,24352.34302166691,25749.98075536783
48.64637591491048,36281.7994697887,Asian,20061.13574326105,23896.708728692774
59.26959366449225,54984.82900413187,Black,23057.558263928055,21814.147694137628
52.903468854986905,42575.58188178762,Hispanic,28460.814770075784,31806.19059749483
42.1369167067023,67399.25928271709,Hispanic,16323.748048439298,15501.45710067766
42.0270648543042,56715.644608690614,Asian,17088.668504811714,19532.658659292396
52.652362033727755,48400.90008901615,Hispanic,19146.239912412555,15999.343931085821
64.08855244392853,45293.490067143844,Asian,8372.503207408006,9460.341455823478
46.894712992248,51055.29063192738,Asian,21828.47045050528,17366.750596890502
37.96303718684386,57515.116674249606,Black,9683.227776293843,9515.384061439456
30.107009983716818,51770.5528427332,Asian,21318.355877595714,22919.2408622905
23.32192103381662,50045.57073576829,Hispanic,26191.7385368115,25389.31715873376
54.994045080652846,52525.33261736106,Hispanic,18138.741236136986,16012.647164247068
53.66967785459336,46565.26961886741,White,31062.695221121226,33677.99139436106
53.66045287659992,48911.14665841266,Hispanic,12236.994603489073,12478.337628871765
43.07010830471916,33227.868049854966,White,28147.564089790994,27423.637472214315
66.10402118837627,60763.536077671306,Asian,25050.822338441525,25655.562141327217
37.73822258122773,54689.18002289586,Hispanic,10703.800510135865,17795.473364999838
59.32903855810808,45038.89740369913,Black,37264.7657942432,40648.522918697054
44.41885657515685,69088.61483219714,Black,20617.5282869762,24023.962457445803
35.87473852980994,52783.14832353148,Black,15735.09586706621,17323.961664547118
53.887954609766425,42674.70785222323,Asian,12557.476831295899,13473.690012738767
51.14454178025991,59710.63679323412,Asian,19679.891834041955,14189.686113215914
50.35459138900389,55582.43394858336,White,20235.55876566024,19038.10789950241
46.219176330842984,55551.21986935798,Black,21615.873171237985,20914.4371382318
44.431603774247534,48168.19955813568,White,19213.223062656238,15025.992902537404
80.82557989305658,56054.46151400231,White,24799.35186069056,22405.812385151978
62.763849677942595,49644.175388010146,Hispanic,18674.22100402052,14222.129826713935
55.84240342478268,57003.47306481258,Hispanic,9390.215296557173,9794.405707313741
46.67698737305082,34855.49991390425,Black,20103.831026102154,22650.745953224196
60.10735800895004,48095.138833187295,Asian,6795.134079760332,10062.070376321153
52.769921645871776,67499.39588027375,Hispanic,23122.623785348336,24659.58494054644
45.39307129161053,45096.392901397296,Asian,15124.198618304188,13215.707765307765
40.44653512101127,46565.45532256132,White,21980.1621294948,17649.999233194903
43.786239935059676,47968.34795395022,White,28884.449889147625,24992.27814064387
-2.556386038170835,41066.74477700221,White,15307.507828392,12635.051385255752
48.15901258946462,32125.47301394573,White,27367.537551072706,25645.38830598352
37.672858798344606,49924.72241328748,Black,18399.662599883082,18500.291354904115
68.89004997424325,53222.73481673491,White,31519.168812393513,29483.758267076093
45.29016106217632,51527.45438315213,Hispanic,18809.084320810718,20156.52405498137
27.16554870697557,50696.09294246902,White,15957.042086959853,15876.358329961171
44.251797688078234,52387.36783765349,Asian,25123.43070237173,25649.794981724295
29.308183724062438,61205.573243956875,Hispanic,18385.261622258186,21735.888003936197
52.101111235687,50285.98432663705,Asian,15951.302915225948,13500.723579725023
49.36421046509228,46833.25680621457,Asian,18132.960895777254,19679.722341508175
59.36759446662401,49469.870636007225,Black,20732.36080690199,21197.427735711808
33.13677312458152,57214.12083781098,Black,29053.080787469124,28719.365085044887
45.5101214434222,64708.24190688925,Asian,9395.473527242537,12108.614329407437
24.52467306860047,46346.7063474774,Asian,21138.483953702525,23836.019340095045
55.52242172887072,52890.40408325996,White,24749.42156792426,22883.19457795319
52.78306770660183,55045.21697742364,Hispanic,22160.691449950777,22205.289990305966
52.437075315413566,43066.79793944059,White,28859.191016601206,30062.22022306137
45.024285470354116,52183.754504916265,Black,20553.928021448854,20371.411151392393
51.221593361831864,38808.93528392114,Black,19892.69134688433,21855.244677603827
69.06508662462895,36078.54726634541,White,24553.97728208006,25756.95732685575
40.72358614436979,55300.71767103031,Hispanic,21595.882889708097,26677.285990598128
47.07967775565127,48545.12732802296,Asian,18657.547570317172,15331.849730492704
28.708105512278852,53820.52366859097,White,24096.86423751828,24290.774263149786
31.976085576025014,51838.94520692485,Black,17084.83024070013,15313.57396191965
46.46719939639961,43212.39956202582,Hispanic,17332.93708788404,19343.205726481647
61.55900320052861,51592.71128232097,Black,17832.035869406318,14289.106144292457
41.155787636226414,40902.08825486631,Hispanic,29118.414960998445,30484.19673656066
41.46125206031814,64518.75122201261,Hispanic,1673.9018640857175,598.7807857148648
38.89672133243438,39796.26689626033,Hispanic,23373.593008577653,22038.188343275116
36.978649937335156,50237.93256128277,White,21205.63088520133,18089.385376349615
49.42457183563232,42619.555707574764,White,10914.777244571278,10252.087379068762
22.541135322320333,57133.79056024716,White,22858.360674816013,26069.612000543326
64.2140936500009,49017.11765846647,Hispanic,23854.511950989192,24291.540242165494
35.018665528058094,47331.99952340911,Hispanic,24537.8353881444,26607.036432830588
55.82855228157212,59678.81390546399,Black,5089.031621730306,9750.636176645994
25.95002103909186,52264.87532509797,Asian,29198.336471126633,30357.725433183074
55.03260195819327,56649.80001342371,White,16573.579771890953,15676.5808417351
55.07916911721746,43168.06657134282,Hispanic,25119.406480519057,26787.537018476032
50.763031080088446,39356.647504652436,Black,25446.442684093716,24585.702318307987
30.083572173003116,52964.871658361204,Black,15739.817486284242,14978.760778041318
48.743222843971154,49130.38280054742,Black,24962.759714109303,21663.027715061842
27.254157228984166,57637.9120520855,White,18687.04055452585,21502.68428223683
41.20855117355722,51280.823926037054,White,8571.736923971057,8106.730484847459
60.44119651432989,53845.67805311167,Asian,28006.451553166673,28961.697167706327
56.95052890606113,37389.55723052881,Black,16349.730221902562,14259.825400385964
45.227744138106495,68995.9324565283,White,15873.039223571675,17462.908297860355
30.37790136115737,50521.822134711714,Black,18581.604791779668,17176.75169644196
54.6838156826129,58278.282733052794,Hispanic,22633.420351964327,22779.148547709767
45.29071856547038,44475.17496802336,Black,20656.377535067386,23350.9426131652
10.19526602654365,54772.08911995607,Asian,24288.401548243022,26765.299828824347
56.73944739474777,40274.39712827729,White,12963.063800828048,13407.988619535696
44.63650749195462,56068.61054433704,Hispanic,16545.681777415593,12625.354195648797
63.036768719746085,48796.23324052751,White,20304.017566070797,28286.043991222403
28.57094221735793,52262.714535420106,Hispanic,32387.32375595223,37251.97118163507
-2.65055719794001,58281.766271170876,Black,20317.124769517453,22623.8118317382
49.18625787517778,40907.13719901748,Black,27511.33358196979,26128.324127992364
49.37345515022959,45839.574424484825,Asian,21231.331012705905,21447.350608450994
19.63992558590322,56115.91852978089,Asian,18098.048175374588,17239.497100933295
30.322506812000903,70883.99327092072,Hispanic,19519.653455313357,23179.293303054328
86.32826615579853,50757.25898804666,Asian,19989.481727826715,21145.738954956298
40.41584078769295,57320.225061315396,Asian,24621.87443376443,23161.46478786485
55.96438464564324,51037.25677127368,Asian,29247.667605459326,28570.779857647372
35.24010258947425,69480.2103528067,Asian,23158.085086117928,26461.05544254269
13.64545651720265,36275.0049973127,Black,28122.46607245053,32622.710689501728
42.446126298061415,52851.58940202422,Asian,15211.261574221888,19532.0904829375
41.01593159570842,37370.10369794145,Black,18512.216947115816,20904.79710975076
39.00182641997443,29440.85586516955,Black,16654.184794754,16522.62262274741
43.28038746740411,54677.15847806035,White,22886.667545249114,15282.882981926314
48.964024074684545,53255.48016532713,Black,18846.24968892352,20089.149748444073
42.7482457311929,49436.46756032019,Black,25378.637622205173,25874.065725094923
26.039907480789545,51044.25318964222,Asian,15413.98973020535,16263.944971008736
52.29277187342908,79884.69490664132,Black,21258.18583992769,21892.929207510704
15.759423670163653,49676.42375771709,Hispanic,25121.147466073537,22305.492061200643
14.244638140736996,56591.119251250675,Asian,8608.183349756338,10501.704741884303
56.087707420523515,46155.71662347507,Asian,33729.78784398122,35810.328629060845
52.60530408203035,54657.09317536543,Asian,19301.088690720746,21506.935645869893
44.13906952388946,49855.896924499444,White,8849.760517942963,11716.203026876428
24.06827242867392,48305.33365543243,Asian,21948.563391460717,23958.692503764774
34.381335889888874,68370.08678980292,Black,21200.660807838907,20675.587278991632
41.05879878470244,62594.664668659054,Hispanic,20508.633722565042,20831.541602774818
21.0615904713883,53230.71982659308,Asian,26947.14667756,27674.95884569344
33.91457012965151,31262.0925765043,Asian,25484.669828562335,26253.918451328882
54.7849550726502,48750.91699072687,Hispanic,22787.25714614307,25782.801286072394
66.40958046433825,76327.24807964575,Asian,23700.933803679887,25810.105686236115
38.70847871012174,49924.04500024263,White,20373.84930337148,26067.207902296363
56.347325314741475,61928.958148482925,Black,31652.94509544029,37669.11754515197
16.28909894118799,64977.48161757341,Hispanic,12124.8238898534,12823.947846388213
54.89176861670417,53970.67524270378,Hispanic,21837.91004529538,12746.271174146956
32.940773779087785,44423.60531318663,White,21390.147787132682,24982.22895245085
49.610184250619554,30082.189013954005,Black,25879.682436387557,25028.741588919922
41.28371372640436,58157.46887748059,White,15936.876735450605,14433.166930873089
64.80621014675751,44667.19597458807,Black,10537.964385620784,10041.851198147368
31.883465274901226,53585.35406698923,White,21940.938096589158,21324.330479552642
54.41409446342747,40751.61694369572,Asian,22687.382953311626,24718.05747857511
40.807388050552,49612.86213576818,White,29937.596456685897,26539.007008870332
42.625417829855046,52303.47149410948,Hispanic,13377.827722049482,11183.525857570477
42.242191602611854,54417.34222939868,Hispanic,27928.16260030032,29286.05898579386
32.31490343258831,41966.60031382827,Hispanic,35204.48618416273,37261.846260196
44.78851551139993,62772.19853885217,White,18733.41067486514,20837.264787205168
44.060276668172676,46627.94693741226,Hispanic,13254.346683040656,11786.755985707408
48.61860372610094,36929.77485592079,Hispanic,18558.153801759774,16612.489678594175
46.26757718539294,51018.78922032883,Asian,21084.029804228285,20317.44271975849
56.969918244183546,52309.37778123814,Asian,24382.727250041487,25482.4091307533
58.85262924071053,53445.30489854584,Black,17451.631620971715,21665.32504415309
29.24065017258298,64259.19163316571,Black,30331.191204884053,25712.598240457177
58.03158750886156,49871.96046937726,Black,14312.80610995163,14260.984217555715
27.204953593352183,50923.42338068106,White,10564.7690869632,7733.072984400191
53.817838322066024,42071.34056890216,Black,27640.262545723905,24009.65585234018
54.29608177054303,59384.981525991076,White,7352.273812762802,10269.665426124844
16.33024662506244,53658.78157670293,White,19775.221386763704,21636.78282301205
46.39468869794114,48219.750454352536,Black,39706.08677524829,41329.670565116445
37.97255829959526,34857.92775881082,Black,20927.73868224041,23730.303281567896
33.61852113096938,64999.70975549579,White,14275.394095822503,13576.096853907164
65.26278496048508,40950.880319895485,Asian,20655.61521727924,20074.02142644542
35.19481289043871,46678.49791567265,Hispanic,20695.195268282798,26659.521810089234
32.904346063229255,55225.10059968403,Hispanic,21963.8996421187,21847.472006469765
46.1354241000764,41230.97864244982,Hispanic,24973.577892957717,27311.408175592944
55.28384619447625,38558.411995721704,Asian,14765.332989793566,15281.286842201853
42.875271209848094,32884.471755694016,White,31125.28833142076,27004.642006224723
62.49555818503878,58488.97257615072,Black,22470.68570623571,17859.11319673254
52.964634929461354,47093.323797463105,White,25360.764278410825,24413.303728561063
12.326830204028546,78345.43083225997,White,17231.103601466144,20371.356730641117
37.057995547394874,43050.80440932214,Black,28718.292821973202,31189.02196356321
36.57236850972451,43706.940789139706,Asian,19457.68554712161,22242.878457681694
52.190414301441336,46911.46326743139,Hispanic,22665.31508096119,20697.699633620403
5.627744154388324,54188.2118962464,Hispanic,15401.363536877345,19941.04476218313
83.23514563076583,47768.1699509322,White,15018.410241587238,13106.176991121278
52.96539142341315,57510.98992602261,Asian,25129.231838717296,26161.292835392218
47.23315205876537,43192.704490102115,Hispanic,18338.359018755684,18812.478293986343
62.72351574628719,39565.67453382777,Asian,15877.061474973738,15942.376924187272
80.15481079218938,35816.067345318035,Black,17140.899947837817,20987.380293576833
58.06119966882605,31987.83248856523,White,25193.71843030453,23930.942129889627
59.2321964470743,47337.37882472449,White,17225.772832778333,14351.759693498514
46.960350366965734,49291.177188461006,Asian,20294.070410387016,20844.059125903063
42.87711369949577,46317.06675265135,Hispanic,21090.166501722582,20590.599666006266
37.863068339926485,63190.65217468446,Asian,9495.906683938207,18439.36398164482
32.60832012428187,63052.271886473216,Black,12173.241567758892,14364.51025885883
34.69478850450754,48986.773112999486,Hispanic,23017.667335485374,22494.315897438813
24.741660534855253,35854.70998127233,Hispanic,16577.823833083818,14437.544910116101
43.86192823972465,46899.654027504526,Asian,27340.34946768251,23139.62844126055
19.729986341604196,46601.607454746445,Black,26800.84262550327,24737.794911159686
47.86374786215566,46085.78533949748,Hispanic,25315.011998132624,26102.366427530455
44.45504087936487,45720.52986491579,White,31918.630723875583,35986.95235286251
47.20402947580032,46118.83393847673,Black,20501.464033540902,23805.6868895107
37.168026449700115,48521.12545692016,Hispanic,24893.291555423035,25966.028634538983
91.15290555270755,46280.13011065999,Asian,17493.594140423815,17185.674976167604
65.40173850270469,53874.90257763033,Hispanic,35714.21947721234,36886.25036824273
26.33186249872916,55243.31844314375,White,32901.80191461612,32105.20692090468
48.493021311403474,43804.194215357595,Black,21071.28260710675,25867.19259651644
35.87990785594015,63439.587934063304,Hispanic,23319.517379431152,23346.54192624345
29.78280409938879,43179.439283434476,White,29155.785596188834,29439.940950572018
24.898918933140976,37439.79447566197,Hispanic,20117.16297111536,15077.606908563688
51.48325036138881,55427.002642285464,Hispanic,17060.255575201772,17071.668458894863
34.77929647395639,44643.32679027094,Black,26243.938506041297,28835.14885095365
59.51739036037806,54891.62323681649,Asian,21470.635476502022,19301.32903390566
59.906733217956585,30366.982590095227,Asian,22097.96669787156,20721.16586163953
65.60871577817174,64532.10347334761,White,15994.371941592206,18476.14948592637
32.214198508888444,58050.64067236362,White,10693.967109819621,7502.324051024489
52.130484160380156,38495.711057532986,White,22416.854459274608,25561.356978129403
54.48681324963451,38691.00588538343,Black,26429.7722489652,25599.412523532446
37.88732737344053,67050.39313687774,Asian,19645.15950554375,19173.738954315744
33.42342063910687,45363.58086851837,White,29618.5771173532,27308.881104539214
69.14280998663959,44492.336361406386,White,16776.502047506732,18221.61769857644
48.41243813598081,31605.531152656455,Hispanic,14671.773270204481,21321.45323277793
54.539516260676066,48842.99614958601,Hispanic,20596.618156823213,23050.361255474792
32.66885982258109,49950.523466478226,White,20504.444547892257,18843.73139304092
26.710733002167093,58439.437870925365,Hispanic,25619.812388011334,28958.863851740025
36.458253382618345,39408.29414633972,Hispanic,16350.22305561609,16058.524190780467
43.139679189150044,38317.41886983451,Hispanic,29208.56542088939,33144.77787445829
29.036699897739766,56058.663712988295,Black,32801.501775049524,35318.192780460435
44.85232787024425,61060.57064104358,White,20765.135838189948,13907.281924510615
19.6724221789725,37859.628839939054,White,28498.262521105913,26488.063438718345
28.19928866295192,61733.62677669767,Hispanic,14661.01757624844,17521.980633336912
55.063668724153125,52337.87657338139,Black,27451.329247091497,28330.472427454042
54.056857804168416,61826.248051671806,Hispanic,27283.658451356776,25224.26858208715
39.121848519197,51368.016746341455,Black,26180.623681139274,25096.64989240474
29.733535363845704,29299.498742608448,White,20906.621466778237,16641.029916554784
29.588946727109835,50632.29355915565,Hispanic,3274.5063525478145,3553.5731337318243
39.40097631088029,61541.29436804143,White,17149.637138087222,23176.361453126632
54.667777374679375,43956.285828246575,Black,17244.503893892386,19756.837370723202
58.92368537016487,48508.31527983293,Asian,15130.470371637137,21106.512874608194
37.55202396777047,50414.7984680412,Black,21733.4580272824,24439.45075175735
27.69761361022824,25904.37508118366,Asian,18486.219326872593,21554.917685254324
49.017654567995,67042.12817893729,White,16052.327941409869,21487.52466077243
32.64697544061226,43887.61888092543,White,14647.19911051308,16090.357258868646
37.226210417081965,56551.61889225519,Hispanic,16706.922087088627,16738.85378332143
64.87914135655556,51219.68977466612,Asian,27728.99527109957,30810.6390626546
57.40673142848652,63318.57150723424,Black,17033.849672235036,21168.450265039748
47.36961468377177,55654.50510185273,White,17910.367761400365,17210.456154619842
25.921214983309156,49885.68155631123,Asian,18259.81430986052,16955.89160401045
48.17094851205988,43958.36416732648,Black,23033.961082856516,23881.101163933716
60.93985936181289,59180.65631243925,Asian,23737.496931171198,26316.244098500352
39.36549501351696,35139.02826440845,Black,2732.0607645410273,5227.288386194931
65.26671134980073,57813.01378248303,Black,27129.81128296565,24069.39228249665
64.3911793427731,42108.59723600614,Black,29618.208205462524,34897.223373120825
69.9559924821521,63270.55295760976,Black,14698.880775829984,13595.968452337858
49.578646897970295,53451.695883964254,Asian,15166.21053159099,15003.548039369542
53.81087549709018,57797.11391065098,Asian,18298.47967333037,16541.843773360823
66.21280932496634,52737.89932442248,Hispanic,16463.97588326037,23709.797973103086
51.71090905603464,36228.60614373103,Asian,22343.561243679636,23448.737919399555
37.48148838314681,44253.43752944195,Asian,9320.848281846815,7693.410580142902
38.27185745208208,58051.50403850244,Hispanic,14292.43435177956,16952.243226685674
48.578324306606085,53499.9023562386,Asian,30235.183201049447,32658.022649324528
25.64157867080672,62628.90914775105,Black,15430.680195911893,15461.362636962183
42.85111626953711,55629.47106733455,White,28460.56966861755,31062.086450576007
61.448206773453805,43299.68298367606,White,23132.02917354082,21568.79927146366
12.131192232520782,44835.422760514295,Hispanic,10144.393712470452,9412.09802509732
68.01723152691773,52926.25651470914,Asian,24811.975171297236,20286.43353488208
61.83561328054739,31173.603405999052,Asian,20293.99618684288,17484.118476293974
38.10353076254285,67060.97697060686,Hispanic,18267.197662501556,23286.27467667827
53.150862418077146,55975.72062739801,White,22469.742559032024,27073.31412833781
45.047215903594896,63043.31137343985,Black,23847.80091340075,24512.27253502316
63.449855526580244,37774.56453271748,Asian,25245.550931847716,29902.87954982231
59.74024714154912,63201.0864431973,Hispanic,28069.517085288015,28169.330868767254
23.998939152254863,72083.49019924973,Black,23448.815476670137,23340.289720250366
53.80893620196265,40112.094801604144,Hispanic,12746.195467281828,13387.47208844572
41.915582195351284,58942.6161541339,Hispanic,18158.127254092855,18345.82326578394
46.2424885577715,52009.989502185636,Hispanic,38658.29001161172,38620.29920271127
34.07742148545277,38100.0953657658,White,25346.946362290364,28705.441630164245
71.22205603681253,56435.95574666683,White,35215.72380486898,36091.06293975949
60.600927298538636,59502.42884353614,Hispanic,29372.60449319511,31653.808904279624
33.90343254040549,46589.861025980375,Asian,22450.81242933449,25529.26374252782
24.98084089634651,62493.24868229701,Black,22808.442418686704,24278.906907823537
39.21491053533228,36999.12933889722,Asian,20780.519760738924,18854.841445968326
51.517539691369585,38547.1946819532,White,10573.172304921003,7691.007582510906
48.60308765919334,53229.37656029877,Black,21108.283514809347,21980.23510182761
63.79699237152365,52228.46750175045,Hispanic,28264.047315253185,28335.90655319085
56.84879583271278,45550.83860418305,Asian,17402.160031072777,18120.63860337308
59.5435353862936,59286.34992374697,Asian,23471.717994370858,23931.58289624939
49.90283100915656,56778.048827943545,Hispanic,26109.546275359186,33068.480425775604
24.160519046835145,59723.251638406146,Asian,15541.917364125147,12716.351725021803
42.064522032796475,50891.77208182959,White,18292.182813938012,13817.3171393852
60.901346098629986,57423.222411805065,Hispanic,14892.531057137046,16223.47314093607
44.227156072130306,47989.14727273005,Asian,16067.006359863559,15625.949973393072
52.546355529356205,70484.36821077936,Hispanic,13274.368298081634,14564.537972406511
40.218775271308004,44687.08806890213,Black,15597.309231731839,17557.01678744184
29.552822271872323,70947.67686512481,Hispanic,29516.734084787036,33226.99582273428
43.14983903930835,52313.991523804674,Asian,15507.137825458245,12239.0732744984
49.635711645489806,39620.401993881314,White,21758.75531436414,20866.960569721236
35.16468420807834,64312.714154397414,Hispanic,17982.787477974263,19554.690625176172
41.46433132714997,53133.11249555463,Hispanic,28073.195622221632,30499.3546114397
30.90805137021026,59660.11688542214,Asian,28866.973779621698,34850.59765534266
61.78867376346144,63014.70326688334,White,26184.41989283368,29073.67982061835
40.58316363617949,55041.59998730523,White,22836.80731861653,23194.83582890084
66.79133317689275,46669.832396684666,Black,19613.642778954607,17887.553396597952
67.93121775811363,60781.42039902325,Black,13848.7517748525,12938.027143054953
43.784310529173844,52006.79956709136,Asian,32661.17328673318,31679.416229340415
29.873269011789755,58172.72036747577,White,16441.96189348468,18580.04596476908
13.711531833999942,32616.42483587685,White,24981.87808219705,26124.371696161626
22.919443904598126,56022.835453088665,Black,27357.393435740385,24548.269508634938
24.392477626520098,46252.72757369473,Black,17668.317018568025,17078.563345841943
65.67704441192257,66879.78673460678,Asian,27228.075163895774,29921.944047524325
46.73736880840419,57607.786131001856,White,25585.27922003313,26964.435107468278
50.84406786137982,54158.719712643666,Hispanic,31367.78301229059,33289.39455232252
11.693684865973111,56376.789940152,Black,18183.921201439734,19641.22547658289
27.030503561741074,43014.03232410953,Asian,13284.81589632171,17850.89273284386
58.3061966466943,66609.31021475248,White,17967.061467332933,19057.16912689386
49.30161168573879,69922.33376575215,White,22253.12125520599,21788.064260529245
42.79192081971604,55536.221594933944,Black,21349.27636251034,19559.88875967644
53.47263537900184,66313.63211716275,Asian,18639.372622352697,19763.39626787698
69.53696709203723,46877.666211947195,Hispanic,9544.815246136543,3943.055209198833
41.68436304694424,44825.977903975174,Black,23822.89797677464,23862.17547219286
46.04054703987104,52368.3227385603,Asian,32834.066874493205,32819.46722468985
47.88895378096958,55914.46934531109,White,23785.50742873802,20874.330294694817
80.88164452910989,48454.11986881192,Hispanic,24654.81311432108,22834.148517681093
13.509656033714617,56839.91371331635,Asian,24434.67183693061,26958.815662301215
55.24834522183212,54757.505338660725,Hispanic,23382.280019294398,24459.059391981806
43.277966268614044,43015.239022380505,Asian,26589.99580120857,27344.46663547689
53.501575892762695,56669.13715706549,Asian,23372.242087113995,24638.11092194405
35.139411690079136,59771.754182693694,Asian,19123.936982080344,19855.50595195265
44.26552453712325,53543.22385831352,Asian,16224.066539947475,19831.22294709326
55.67115869198243,62373.83292935523,Hispanic,19506.15806831595,20314.73102257507
91.69365301565762,41043.36585852743,Black,22884.776978703994,19739.24419415712
57.12054284103107,56211.553799186666,Hispanic,19103.50223326216,23678.827145448187
32.27901602954237,41467.473642429024,Asian,22886.032098788583,24311.882767110696
38.643604769659454,41973.26777590221,Hispanic,23634.900802202505,22661.766475214834
38.19878837424219,46321.62249635989,Hispanic,25999.07658762109,23365.572291883545
18.065352410549774,43521.458347831795,Hispanic,28696.769813033883,30186.555365428998
40.04864712447844,47068.03763132976,Asian,21468.044510873144,21675.114498437204
55.99243622732617,50072.6472035993,Hispanic,13153.340609114035,17588.707574195058
25.886518213848074,59534.39037698246,White,18929.37541908486,18564.60721741779
60.72723976575889,49109.568651648675,Asian,21264.375404439597,19670.92343023343
52.316622316265075,37729.36863907367,Hispanic,9985.387462937459,12724.87800852728
33.98650017043443,62260.61061845644,White,29331.987120614893,32145.19185240697
42.87705543993229,44466.188797464645,Hispanic,21854.2674750628,22775.895894088288
68.9748271146155,51471.516156058344,Black,23288.11700748171,25479.00962666898
56.00321720258799,56018.828562466406,Hispanic,29193.158775157593,29598.940973302
45.131754823472214,53796.49376562505,Hispanic,17219.14301914592,18303.805771669035
41.434750245585235,61847.61592769328,Black,24444.25158530418,27856.728791713987
46.14913605677489,56311.02829053483,Asian,20340.815261388387,22404.111096442146
37.32354663086545,44248.21378272603,Black,19895.478797904485,19972.292702072922
13.428757414214779,71607.05956592495,Asian,16366.845673173724,20247.7520379891
75.63266865802096,53749.001170044095,Black,30993.619282119165,25581.480850140386
47.32987498799102,50673.937960406445,Hispanic,18746.999759546576,24377.183038101415
50.972208976838054,60675.32880750014,Hispanic,25196.785481374212,21431.887744147374
44.13138375184637,54245.05851337065,Asian,9749.955675168381,8682.223613237642
33.97324798913118,55593.05373645394,Asian,28079.93117813872,28477.637340151046
42.21113278576844,74429.65598740618,White,27313.26693574235,27447.065258921946
21.009078567085332,49523.90714570458,White,21584.60466178382,24600.632261850205
79.15629747079956,49140.15195384344,Hispanic,19638.345203172456,17493.75365664687
26.48232002366406,53049.206608112174,Hispanic,23400.000033681397,24551.917077389055
29.520505742292308,61643.643420229346,White,34732.743965281734,33787.21371973235
38.396111934203994,38441.19372828641,White,10420.57980657909,11658.43225492263
64.32113587278566,34309.99697671145,Asian,25692.164325444766,26030.233675950076
45.217634988939814,46715.962564418674,Black,15530.296187076585,16262.635318784029
26.457963059543065,37294.69336846641,Asian,20880.489622201614,20005.67754104075
63.81507541136009,48176.51787226925,White,19512.719285528023,18737.559410287817
55.96500940178222,56522.49726516361,Hispanic,18430.090453213466,19648.271738282034
53.076524358246786,43983.26022802963,White,20937.209225683622,23796.497990073734
55.736013617562605,39158.560808967915,Hispanic,14194.973128333257,13199.274792838638
80.91542850873677,52624.03445543813,Hispanic,27175.082616767802,25503.16375533553
77.77642342554168,59762.89136153653,Hispanic,10235.138932808397,12268.78934698799
34.69926985495057,36745.23905335049,Hispanic,24238.587076970052,24657.32734432583
69.35827489216729,59382.091584753856,Black,19040.784884792574,21617.030219757453
50.747522846383504,59355.75583364494,White,13974.450637155278,12209.95760372741
52.486437242066245,60586.76591940965,Asian,22214.30022359217,18265.702910033593
19.61593752535007,62966.321933845174,Hispanic,11658.293479761132,10825.783275195297
42.44421351917706,71818.12532193655,Hispanic,21238.282930317808,19822.401407155266
32.807646144951526,48795.171562428506,Asian,12462.738553130674,12765.767552929923
57.42088222339964,52986.14422070072,Asian,23767.632505906986,22675.51947023101
61.066207506042076,48252.05410076777,Hispanic,15453.855998217747,17806.39837655887
13.882704734755329,52017.791602802296,Asian,18294.035897824142,18073.66024176785
44.66947703993594,65795.8602007268,Asian,22763.696327658974,23639.88257459373
61.82792257191378,39894.86964462398,Black,16364.747328946585,17258.833725048946
42.19981556529832,44250.552950509824,Asian,20652.216001990186,21639.603733020653
55.93595467503547,64394.62842854105,White,11917.016992530878,12356.694216393445
50.26748201440626,61180.32856211881,White,24785.253621576932,26561.755347602717
50.124903479289394,48731.8151786463,White,31589.482833304628,30100.34499874011
40.93027532897554,59689.61801008648,Hispanic,37753.25320745977,41751.798024094474
26.751287937964356,55070.9425824283,White,21547.008879998633,21455.665421577294
28.177047788624588,65502.47148100889,Black,25729.22484478312,22950.352000036415
55.64028771682976,52670.586344440955,White,10316.245962555065,11286.429355034497
45.291873832783246,61230.68902485324,Hispanic,30016.40595783353,28388.454751714817
42.922316330891626,75778.10719443359,Black,25657.371028344634,27820.70736461682
38.64164936516471,57382.892395427196,White,18096.399330292603,24120.413270398545
40.42216731778872,52443.953492153596,Black,28423.084801734054,26956.65457283943
60.70367691732209,58502.02286698882,Black,19473.143540127952,20804.074373187916
39.971338771979596,48712.472276165034,Hispanic,18251.84890191266,14363.084930151092
24.88402930047647,73491.70934972259,Hispanic,23852.00955256495,25486.772626168316
56.1547766331026,53620.639339263835,Black,14619.873001018088,12905.588501518863
41.926850042029244,49543.60011797038,White,27129.748586399688,26067.66204031348
45.47093798299165,44478.79895481968,Hispanic,14664.06112843894,12410.84490383937
69.11367459599265,61874.981724457946,Black,14699.671261060883,17030.04932619772
44.69159163974239,59804.68671544965,Asian,15541.861269549994,18560.12216323315
49.33775509678088,47523.81065727316,Asian,25557.000225096734,26115.463261743003
27.31614763052512,57188.0621061018,Hispanic,17299.347830881754,15638.281067542455
41.7049582147356,38422.99628608429,White,12912.025293796987,17385.832884056643
54.14289067812902,53664.7351756584,Asian,17365.920000385213,15989.894680998572
21.669393992381366,56074.80716869025,Asian,20807.74577591708,15902.665026098482
48.01267639673564,67365.968286033,Asian,13914.165098013687,15560.137622906359
46.5118660896721,45062.630775441794,White,14089.913345793939,11827.976661690147
45.619311833811594,40494.82634077908,White,33667.77800459751,36639.29998834545
60.55738347987365,43941.14835167462,Hispanic,15836.60757711668,15383.763335433132
50.016577722727824,39970.88349716572,Hispanic,19061.74578736196,21071.028888722452
67.17107847534666,64029.91621983085,Asian,18796.577995204287,22800.328861584683
30.096157266089456,65937.75365521634,White,18471.85915337735,15949.711991825545
47.03886850827522,54881.94920153946,Black,24728.080439814614,23813.2376125836
46.26700179584921,62991.65451116633,Asian,26688.857702832298,26999.68002118964
28.961182593673797,53205.62542522212,Hispanic,19164.27341081045,23508.151708396308
59.34442503137019,51143.9951706931,White,13581.130280445906,12435.173485594793
79.87009958779227,49002.66142851615,Hispanic,28646.64136709342,27660.382127220902
44.744908882742536,49206.48107760191,Hispanic,20427.953452819904,22123.304891709424
52.5753163241065,38069.78599321872,White,31381.930889143012,30438.859074866585
46.267777137229906,54378.29287246605,Asian,7526.484614609024,8407.799321853065
34.29622995139236,51636.99480807361,White,22172.41932769992,18793.575775279605
17.688595832969757,58708.246516700885,Asian,32511.63800325725,38547.46285964874
34.41339775356953,52841.71146794749,Hispanic,18880.41518737105,16011.142111597543
24.12062428572403,50535.666685878175,White,19647.039459992182,19342.65770001666
70.56153117088677,44159.262729931324,Black,22773.070149542033,23191.867559936796
43.27335459115141,52649.37913139585,Asian,17647.225086690254,22928.94542258224
39.81121006429244,58644.13507734546,Black,19127.568407683604,16315.453955351753
58.33730737181709,41709.94908024525,Asian,18973.109434851584,24432.36977354846
28.17373345716168,52787.263783126655,White,17235.47559344176,19628.417646196816
33.49703942993172,54097.38656376536,Black,28373.13930120336,29915.877612261473
46.02108403872931,45537.416947435624,White,23766.46819377861,21804.883976233723
60.43153487135221,46709.293255828,Asian,22503.76939261981,24431.622497714998
52.52527567753182,54075.49763889593,Asian,25851.4260413407,24542.709485291198
48.72487713773823,41799.21083536639,Asian,19413.8650007792,23080.51813377523
46.17176602854025,55149.313437244535,Asian,16354.777089882597,14427.122017113263
51.00353783290163,43941.8106370672,Hispanic,17384.254172312656,17601.357936172448
48.02479357693882,61565.683237298945,Asian,21010.698246627653,20122.515526594725
29.550415878345966,73040.4497084947,Black,14644.729749762588,12675.922343695102
45.69118832449727,44253.188784683625,Asian,17998.433900479948,20351.733442749734
28.894670116233712,56807.87076137207,White,17903.300148771392,19741.947017295475
46.216238143512356,45459.32285606183,Hispanic,33747.33737897408,37269.86287622657
37.79028087767638,61368.5875641801,Black,4357.110360396498,407.42258987607966
83.09072434174291,40612.67431823307,Hispanic,19922.2816715662,23082.70842741881
44.40158424372432,56325.28082584941,Hispanic,31354.162756888625,38117.78502028086
23.936406506076167,44143.099297995825,Hispanic,21731.066784794722,21101.964061852355
42.98729683984613,50137.13869811468,White,25520.504840526555,30758.37637079898
52.79038118456832,42720.77252367424,Hispanic,21598.95789059861,21441.054710449043
70.10045919228786,59401.15423806178,Hispanic,16995.99971270112,14064.975368797852
36.15821400091922,44467.17681004372,Asian,7548.504392946521,7284.423286929532
21.2635803896454,56967.67833398645,White,22232.73412221782,25353.244041406007
57.25255517146472,48903.11774563901,Black,16346.360372385654,14750.919166556825
24.291019411505232,50969.74865381023,Black,16197.987563008177,15197.14091549196
38.457668377387726,53329.80316660116,Black,18006.07646412533,19989.925044858308
41.13569271733509,45143.57795507036,White,31469.168439740963,31976.818731587395
43.955498200498376,53893.30402186798,Black,35429.02525352384,37390.58263474069
55.337466856115036,65773.0110791897,White,22303.247625170407,23397.821477066245
34.74548576570419,44997.14692750557,Asian,18211.396656529632,19910.459955408565
40.89406121749859,62546.2912894646,Asian,13936.641495292737,13355.888530768885
44.78594470575917,65482.87870139006,White,23811.240969276416,24890.568324352396
47.24396936278182,44654.605098747605,Black,31697.433600390865,29879.00108615103
46.46740762061884,38904.508554185035,White,19515.95767784906,23237.04173410753
51.5400866283387,54717.648101545885,White,6726.023755480655,5640.336963437371
57.65759264462606,47073.332295098146,Hispanic,25020.298030893144,28342.416749766617
50.88951173476452,68817.42897246702,White,26912.398268700297,26828.380866243133
51.80378285263828,52313.26786449849,Hispanic,11484.926157684915,12489.923684578218
21.266652498802834,44780.20532768339,Asian,22058.905101977718,21321.493724750966
45.753415487485206,41675.5644008946,Hispanic,23707.35609681659,21667.367518896517
52.19261322002413,61809.14463181747,White,20561.35618794637,16699.455218933115
55.93411791855675,46859.34423324232,Asian,16255.374485487879,14117.06408900673
34.61473838649309,52394.459195143856,Hispanic,27095.62334138134,26785.851208341533
35.11441087667033,60602.224706012326,White,18579.721524187906,19609.419471260117
36.38848987074603,47641.67483262253,Asian,12088.883023800407,15114.831307008564
53.04620849837015,51586.64054133855,Hispanic,8703.153085981914,8088.759436489792
60.508215823863125,51850.88431159732,White,28565.09711999586,26860.195209327925
38.88809839062598,58149.92060364483,White,24699.98385882671,21593.196893819928
58.619434704405734,57316.69901959293,Black,21527.841282775014,23228.000327535276
46.85219713746891,50018.976418706545,Black,18358.35217889518,22316.33846721854
43.135713342563456,52572.84155346866,Hispanic,17826.00951478124,21491.83518467196
41.829236552730464,48653.9888962886,Hispanic,14545.580109350332,16820.411979718425
56.19917046903235,38701.48833772499,Hispanic,18411.266132640692,20507.62442580969
49.88366725180605,54318.40771658316,White,8279.476709278953,13023.536158552306
79.13738141471455,69029.72584749761,Hispanic,16583.618079188913,17913.82173273094
32.21663035504014,44046.52773378044,White,19134.374901893436,21249.699091953866
52.77152553044964,45042.732613575674,Hispanic,24659.280283142514,24357.320628512516
37.06198485282731,44163.450055206325,White,20760.441219759818,17855.332792622925
31.960695195170345,58521.326008508106,White,25769.538683253355,24559.916432004415
44.83699294447542,56036.36908776796,Black,29094.81063068058,29571.91303434394
47.06028719110554,50573.16076825189,Asian,27349.02056294461,28000.983994197868
88.77260332590139,43737.82844524932,White,23823.05908427134,29138.773721409823
42.23781276475197,52831.39112475932,Hispanic,21071.176075084706,21774.368994062377
28.047319057729748,37918.40085397776,Black,15115.271949518645,18562.380559582754
49.09516076241579,53290.839101717436,Hispanic,25439.664308275896,24851.971204335106
13.880399436804474,59843.7194747914,Hispanic,31078.484293329173,30799.294578916088
43.620648260936015,40739.207770296896,White,23052.63623790251,20230.117144843887
45.24037923442741,38207.335508533026,White,32503.554890556738,31147.734858365307
56.91900574417817,66214.94102525373,Asian,11846.569751633497,13664.02323004288
59.604333741417705,46494.16324445874,White,14075.019691322752,14593.920142308085
37.446455716384236,62223.5306134944,White,26131.209046489574,28988.555596232658
42.740789780551005,50614.02101321951,Asian,22585.741260919505,23538.87613178213
33.508187540839934,50542.406647528056,Hispanic,28882.693059430847,28501.558730336492
28.079061677884592,55945.71429546981,Asian,20907.170155639564,26777.91231510696
49.64842169070952,44044.010289282036,Asian,15792.147464830008,16057.38854304739
25.896216771051012,53192.47429146081,Asian,19718.440546769743,23125.942971033004
38.78059649142205,48566.595266583165,Black,11803.896174457595,11300.873158095901
30.072390601511437,40115.559009354714,Hispanic,14228.455961417792,16502.45465987671
53.245247794353894,55037.33867253759,Black,26834.663987508062,29654.70313538728
72.02145148899731,49630.22973809876,Black,26236.72448681766,27257.95441325661
25.47618025795003,50586.77654399763,White,23178.02570883646,17791.818402094956
17.204722756536462,41108.551509272584,Asian,10673.534874237184,11219.166026377467
43.12669671974899,66322.60330986524,Asian,18849.57854692267,22425.728666322608
45.235466939366376,59890.42767747505,Black,13650.000668039696,15468.702750609022
48.279889601359464,60677.402957547805,White,28059.19952272659,29673.796710799706
38.30519227148483,49250.99767802486,White,17497.667198624393,13692.024863730596
41.99041051761852,36437.35399446922,White,14485.513735310704,13184.376058623056
50.51265615810903,69576.2564424056,Hispanic,21178.776990728547,22707.171068607146
60.606463389672584,51450.122427947186,Black,17159.07325899233,18685.03145095956
15.674268445225756,45260.80183581952,Hispanic,29902.463461222243,33439.1304115545
39.465908414528066,55751.21417034802,White,16591.134614794857,16728.967726929623
48.20713190911595,62504.08709202967,White,12604.630444652212,14119.190661336746
31.23035843083896,51792.544995230804,White,8082.518905454906,8623.45451028314
70.96754447650949,63507.17651145437,Asian,20815.28098551951,18847.924144265617
35.46885179656894,61746.99944665182,Black,17628.419316852443,12488.940989115574
44.38060969489076,42312.56931338148,Asian,12426.57236092964,14004.09659125483
53.34033145263436,45935.88904906471,Hispanic,28135.35876753471,29070.22678856674
36.13072816797158,60617.83446951791,Asian,25003.47088457545,23958.033279325027
17.301404282933742,27586.48692570606,Black,20830.692726376623,17282.76008508696
38.570182096252,50654.8987615151,Asian,29185.9574650252,31260.306251047044
60.44160833890561,39122.519185377954,White,24975.21620039168,24810.4160149028
39.94657309822292,47711.01578709828,Hispanic,16062.864590889407,17955.05139680977
32.30348547811532,49310.619198737164,Hispanic,14764.679016055405,19924.8003420848
58.88508314254082,48775.80059883243,White,25907.88926672317,21054.312065923907
40.03837655965421,47029.64873098652,White,23378.201738804106,22129.199717048195
37.34758779524674,42125.70715334067,White,22018.486607823972,21995.047574544187
47.24184134494964,72627.20140136818,Black,15921.013182786555,20058.07861815318
56.56125314428181,68807.15803745216,Asian,24647.685402034524,21056.67785401831
80.72570297598818,41541.407617693454,Hispanic,16467.006701196304,21806.659265397815
57.40854161486135,66239.0507617321,Asian,20388.080072437933,21227.71982635366
62.39759949582516,48404.81058574432,White,29681.664878321877,29941.66322398723
37.41050701518217,53162.687259985396,White,17034.994585139124,17039.84517709186
29.611978410457855,51430.534360927755,Asian,11562.064457562834,10971.406877112762
45.934970244286845,46062.26222871431,Hispanic,14684.716848779339,17805.008746952226
46.607548728893946,60854.67109245532,Black,26965.79296012574,24794.491074919642
28.822308879531043,53132.97877518992,Asian,22528.386824281257,23891.92227839089
42.370582051439804,47711.03719102683,White,20226.73572786748,19766.28156360004
50.98976402578696,40258.695005795744,White,17945.437168130582,16540.103546845337
50.405900925271204,43957.64487652792,Black,23912.15944531914,30877.09738452888
52.56431780076409,37227.57895958113,Asian,15905.370894058658,17452.99773094231
49.364470952061644,52110.011935736526,Black,22833.993411855576,24867.157273508434
37.394870110949164,41230.009669440435,Black,16612.472587122258,19956.914538793913
37.29149060026735,49609.95538733313,Hispanic,15614.043688349677,12560.668825053308
27.01572903009186,64330.916682493335,Hispanic,17175.07539104993,22055.80516385501
71.77162558777643,62793.696156294274,White,18747.555321096228,12975.162374858539
45.201755469289395,51709.50795307644,Asian,20707.020984397783,19285.104959301483
41.627204163077224,51216.23746471165,Hispanic,22412.734770666684,21765.155587719433
31.06811877821312,68918.87094478907,White,-1130.1917485706654,824.1166638555994
89.03486853491668,56686.8050832284,Asian,16154.096653519411,17200.89231887313
28.900079516656568,49049.741861111295,White,18650.580135863765,18733.543284117783
38.5672811159089,39165.83694591593,Hispanic,30030.37223164998,30500.378870080673
51.23755254429091,55544.858963482686,White,14519.984349707207,12574.926790900787
54.00319448616416,59463.91395324576,Asian,21976.779708599475,18733.698722389043
59.36898082823526,46315.136279377206,Asian,29970.181858415024,32286.460914255174
72.11412761653895,54620.82479624229,White,13122.188820316362,15356.454101656826
52.592364831910686,48727.84034576474,Asian,23363.851355186416,27825.087293079065
29.159538000499985,50343.70840720898,White,16186.368996392877,14711.326254354857
41.14582312317328,29609.60148193902,Asian,17972.197546264593,20204.2355720169
49.61748558770827,50003.96736655478,White,16181.334996280113,15972.068175368284
76.02339062258736,60724.32372167249,White,16608.856149504685,20085.04361248839
24.032917823635543,46317.376999900975,White,37331.472887438955,40386.37982913431
63.038647578378416,52472.73731393785,Black,26066.735232429994,27094.758730491136
47.69871554319625,45196.44363977272,Asian,27610.427170717252,27261.601779052286
57.56745802844221,55243.97508663496,Hispanic,23951.960921018977,26854.29136753963
43.47007925046102,50051.29122217444,White,11362.459269588251,13479.720577729666
32.363510548105104,43546.826133861934,Black,23369.747821939844,22158.646816724387
56.26309169101998,63992.96320898615,Hispanic,27437.57768704408,24618.0810033455
54.816465406584314,60360.38812178993,White,15879.603155765331,15658.27090406084
59.58085448609583,46555.83912464643,Hispanic,26791.96000296676,31080.494541337284
44.80043046932047,56480.09478476,Black,25226.017259124474,28592.23515595707
36.00266965020226,56836.70802538343,Hispanic,32112.240268882022,29831.42159470557
21.618195074642376,57780.71111510058,White,18493.301924918287,16073.908385168485
57.290599022091094,36751.6969360443,Hispanic,14414.33410634564,18101.043730544356
51.358342236659794,61059.45886929365,Hispanic,18830.231343764724,16491.14158187015
30.513260507040613,46872.70933366842,White,29613.425958981737,31386.66426808676
36.92139490055064,48779.548599028596,Black,10029.564714948223,8989.386676607413
37.99861782072839,75740.9357703418,Black,8589.745707413806,13132.358018718012
22.75523352026373,54716.860426489104,Hispanic,21536.37167358968,20110.309675744986
32.73476405092299,48523.09772097542,Asian,18344.46424335506,21702.868068869633
27.992544647904687,32152.350645196846,Hispanic,21046.367359054108,22008.51399420502
38.81281482168095,64507.8772055172,Asian,26671.870627415192,27802.35776300091
33.919537525056555,39893.112962722575,Hispanic,17684.583923286886,13258.812469908384
20.59492618699877,42969.04986850447,Black,9761.965014416277,4754.681631401981
75.33885345854222,49017.82930820936,Hispanic,33266.88934319967,33215.474492531386
63.78811096543846,64747.70612530263,Hispanic,15016.630275367344,16133.895433908874
33.314708677200215,58959.159879991836,Asian,14645.777267927415,12332.782698583107
49.08632094980415,50579.462411437664,Black,27622.32008233558,25400.586556144724
51.261976347319425,54774.62857274939,Asian,18693.065273750894,20596.746848316227
62.86628782160216,46596.528764160044,Hispanic,20619.660887791135,22526.797088933963
32.72092460009882,53256.883206088154,White,23896.74074436191,24052.388093392092
61.38160175973639,52660.03070300323,Hispanic,27501.498618659974,29952.00292162516
36.78142043689597,60718.92906113218,Hispanic,18999.23584090937,16563.730101609002
24.9620639374708,60704.603101950546,Asian,30119.712035485798,29729.87474276837
55.86204838971746,56445.796439850805,White,8185.2009075911665,12804.89492205035
64.36137636183642,48738.87198208508,White,25558.723421718463,26229.52874656801
83.81863460296026,58676.40064951114,Asian,15962.834651894056,16778.615938361556
27.004121023646796,51172.28380417258,Black,29233.62789964795,35498.4943645673
55.483795276211836,42262.7706815818,White,21852.266872983273,18853.911458361345
38.85298134309701,48370.40987280155,White,16962.56800794359,19453.643924548865
56.75038065786047,52760.74285405892,Asian,24977.046558129794,29637.012257650043
22.94265673153124,60191.942052982704,Black,26359.130083243508,26046.985266997144
26.05845336452154,50348.24645058562,Black,24851.36473715183,27500.441704288947
33.36187765250274,41117.21159884355,Hispanic,14821.822562201636,12866.773819174374
46.184460685021264,52510.67514967138,Hispanic,18095.89725826749,16879.06626934911
35.38378100192467,53021.10436050897,Asian,20975.56297727139,22437.979017390477
54.88581515870129,53672.538660124774,Black,20752.44208409964,23248.858766876114
60.403419273868714,60278.84364358987,Asian,25498.472852630086,28800.8141336457
53.99366311868034,61170.30916080908,Hispanic,8910.592604960351,13334.664072309084
69.28181459491302,46652.102148565,Asian,23005.96232732102,23337.345930933065
51.23739944183014,46454.70887755951,Asian,19260.11187338016,22744.14126131163
26.746549344897492,42638.21160140074,White,15968.996301696287,15613.234193073415
65.45064770307509,58289.34103252429,White,16545.079333382404,19300.307612353074
35.92265646591004,65039.38097503944,White,19712.77401289222,20731.496007522674
58.65627749528355,49164.26264881969,Hispanic,-606.5106267571064,1007.6841409477033
68.60601324832659,49827.12491747506,Asian,16792.2625752507,18351.032260305794
51.85032016095599,65201.043012090784,White,15745.11105212224,12233.34852762771
22.557617802530253,56550.02067893507,White,24196.699255935746,21886.394608783812
31.22681750235313,55926.121343209496,White,16166.839904936878,16923.193504480685
64.84116700327704,41281.75144623646,Hispanic,19709.31719897706,15991.119499874138
42.463159715357754,58108.55262351477,Hispanic,30253.659765967812,32831.6875239672
46.193603024132486,43637.77293541218,Asian,26966.109118892542,29644.999034612898
56.38236624245414,41793.81832658537,Asian,26413.628399660716,27731.554781855193
55.44484293120485,48879.05580909959,Asian,18000.76541753489,15697.930385640086
49.18199718578191,46727.86548896179,White,24258.193675737915,28208.5410229092
41.86997443169301,50005.60275053464,Black,19596.613197278435,25189.63979657433
40.30997331401464,39031.165289275734,Hispanic,19823.440735938373,20691.13280455331
57.86848237937014,60629.34675820905,White,23458.112062479297,25234.450508607388
53.3035429660169,62149.17665064786,White,17418.038469474406,18422.385106464517
41.140499990733154,34473.917732732676,Asian,29958.01862665922,31783.94159915622
61.23168469489711,60806.12025099895,Asian,20039.219162412377,20240.322270846387
43.06448827305324,44705.24233160536,White,24710.16339755799,25123.75279794848
32.2250673849841,59712.77983284507,Hispanic,29733.602875543787,32497.8968767872
33.615439516449825,51383.98156600226,Hispanic,27189.92264745105,33553.983052192154
30.31888745535351,52258.980076728985,White,12546.48538385685,9546.307297852503
40.91384975094469,50334.12115520903,Black,23669.375370059304,23909.84415905189
63.505864175042895,62909.16283810137,Black,26104.31636676388,23653.165153683676
32.92357228454237,40843.707887274744,Hispanic,26351.178132964495,30831.240379404702
47.827136415271546,57470.56304861508,Asian,14320.230995312213,13350.886072012467
35.149659815588805,61911.97148400595,Black,17057.788577896055,13949.78659343157
41.09536438092844,58447.060724863695,Black,26967.34941444973,29062.816911571164
22.349381820221218,72922.29022891076,Asian,16429.437775904127,21290.215562761907
41.691926562651936,47239.47913547771,Black,19201.823660014114,21360.81833141602
42.09441930292557,60615.74340334178,White,30455.254857011816,31467.24955021661
53.10431916053543,51045.18428192722,Black,20713.204497691262,22236.056804631247
48.34921369883056,63100.65468717403,Asian,16639.35517299694,20676.456830060826
27.02411812571932,51930.79903850768,White,15734.29585882257,14048.797683787196
61.262973660653145,48509.117963237775,Black,22996.315977511127,23216.698217295343
48.15454560332993,63754.64983484466,Hispanic,13001.111949136746,12369.386577862913
47.9759027576623,47575.94254882963,White,19515.98421662149,17096.320948392215
44.86226469922292,39285.46816989499,White,22999.38320994013,22678.445061398124
37.23363829166671,47348.378051435546,Hispanic,28794.898923286004,32064.201663242126
48.26703509623089,57571.29651929679,Hispanic,25005.288482219974,26921.793853201787
52.13382653892874,64528.34876428382,Black,16715.60929210693,18826.38554237743
18.796564629816675,53000.16437766861,Black,28070.515905382323,28936.70493451562
36.91858743980856,63863.773605106224,Asian,19202.909774715135,21011.21923153661
41.17579544394616,39776.42570670166,Asian,13585.781867703547,12084.306011833283
48.84255908541417,48010.62881663888,White,19967.751844407165,19693.977129589093
62.899665088906886,49402.82394561309,Hispanic,29629.01520687421,30609.0257992959
33.423887781048265,50968.965152747325,Hispanic,21991.44030038955,23185.229947594275
37.53057229773237,52756.84949425177,Asian,21075.131185978717,22375.6008232834
37.31198834030175,58218.198616529735,White,30823.269868217118,30977.431663176172
32.97708614843188,47996.73845646559,White,12411.870917673437,11968.312414847613
39.79220257331606,53251.25818257813,Asian,13286.405315683365,21680.83352329411
56.56203329981957,51593.89398708354,Asian,11304.921174199008,14071.889356530004
29.192467569534816,43666.99086497965,Asian,23235.88911888033,24768.75780876189
51.41721592729355,50976.99979826708,Black,21998.95876269075,21915.937517174763
19.471466549724965,50707.064230925935,White,30256.41820367866,29628.37113631897
36.57993005336691,50514.274914972586,White,22460.85046282062,22633.848978503233
40.05766049673021,52285.835109233056,White,18575.057043124183,19807.129152090893
70.12289509371098,52681.061865520474,Asian,21010.769237268643,16809.68037711094
40.87796542870968,48109.34338803403,Asian,21706.244510765748,18282.77052232904
11.981347898236223,63454.432605741385,Asian,10969.432360030998,9877.226387683604
15.016666397081252,41474.67433717285,Asian,37261.98986600936,38279.83845795578
45.51044379520022,45511.26902377093,Hispanic,24119.22610861147,24021.04324073184
54.20656283684863,77019.672618012,Asian,22260.049848135535,26455.352913384246
50.631837864408794,42658.07780509693,Black,24690.98390567148,21484.99193818206
47.51355158701485,39816.20792761217,Hispanic,25256.46588351963,23878.102209511206
62.433893962585,58610.290705010964,Hispanic,20156.67908698541,24456.90843946316
36.90613168894303,33305.921316035136,Asian,17212.553182555796,18040.351494243663
58.423658340402376,49882.53481024805,White,24596.704117930225,27308.810574933123
20.51977672460374,71312.4243256884,Asian,23314.265043188716,28942.382401362374
31.425782505929007,38095.57670061939,White,16140.659405463552,14906.148360708996
17.894379076022755,34162.31962835158,Asian,29514.213668203585,29765.927823723505
40.877320489953114,38507.36918238072,Asian,22760.1122179379,22579.044965610723
44.30608174100486,60085.23611512287,White,25378.916173605783,20992.433662397594
46.7115223833978,62122.990479872315,White,29351.525326079514,29075.53331668959
45.92825029330703,47386.70082719342,White,21131.33292698901,23833.988395440672
31.08670003782408,58148.91163600962,White,22901.71204190469,24753.185896435294
42.14638733380176,64512.297947607905,Black,25860.1634310367,27907.871354506726
22.53829997091377,68086.11772986843,White,16650.83349719969,16212.06104560094
65.44843462698375,49782.982469381364,Asian,21324.309977076005,20184.0668870619
40.44560890652998,31286.75454097012,Asian,21753.29151990689,25426.43069965344
37.66670821434463,44612.08969831282,Black,15263.648689899634,14520.355824005459
68.83410492666124,48158.76224558268,White,34905.82073204327,36141.02582902631
26.36630199676156,49669.550830794484,Asian,12556.239339045585,13464.576040739432
28.116193289520464,50309.26539092152,Black,13211.376577877054,17365.66911851985
28.556695126971523,62070.05138137602,Asian,28885.359454221474,31813.890348402372
43.98192927450777,63469.85584018823,Black,25279.597504779253,22541.45095311145
51.47447444456396,50454.93711467695,Black,14844.211095115334,12375.328178177733
56.095132021767505,61886.363884466366,Hispanic,24643.734090610156,26591.008635782993
83.57992976242454,55218.952299679804,Hispanic,29807.10266998386,30146.258551535942
11.258513186988544,52580.55375576315,White,20818.421654418085,20180.492194533676
54.13103383686625,60158.897413989675,Hispanic,36592.937400447496,39632.007110433675
36.64304141141653,52650.26843414124,Black,10655.629134791787,11624.277590014064
36.2037727666684,70520.30059387986,Asian,25162.940723154614,25794.084190378224
35.70341807619184,39054.299498848966,Asian,27999.170017326018,30448.74161921364
31.3684549378804,47363.46190817184,White,26348.06340963148,25910.29092227257
70.26787251905178,50861.329927414445,Hispanic,19773.86564012611,24195.163103807496
57.634459905208544,55955.074214121916,White,19257.351107933104,17787.232049850583
45.347939678360625,63411.6443839278,Black,23664.871026523542,25807.19369237876
65.265236287305,51780.41289487459,Hispanic,25894.526919912416,29979.109016562026
22.312065520516867,39199.93315444414,White,24614.84061769418,21671.60189451393
25.039423030036108,59582.62506809504,Asian,27240.347344760336,26882.00940512921
12.330484017079684,58794.62889527768,Asian,14886.780257599588,18242.298739813483
34.50878189815069,34523.27206558535,White,19633.374125258193,23026.485494585755
47.425477900571295,51965.76279696281,White,15359.904407257476,15431.165406286878
